terminal psql
+-------+
(6 rows)


students=> SELECT COUNT(*) FROM students GROUP BY major_id;
students=>      
+-------+
| count |
+-------+
|     8 |
|     1 |
|     6 |
|     4 |
|     6 |
|     6 |
+-------+
(6 rows)


students=> SELECT major_id, COUNT(major_id) FROM students GROUP BY major_id;
students=>           
+----------+-------+
| major_id | count |
+----------+-------+
|          |     0 |
|       42 |     1 |
|       41 |     6 |
|       38 |     4 |
|       36 |     6 |
|       37 |     6 |
+----------+-------+
(6 rows)


students=> SELECT major_id, COUNT(*) FROM students GROUP BY major_id;
          
+----------+-------+
| major_id | count |
+----------+-------+
|          |     8 |
|       42 |     1 |
|       41 |     6 |
|       38 |     4 |
|       36 |     6 |
|       37 |     6 |
+----------+-------+
(6 rows)

students=> SELECT major_id, COUNT(*), MIN(gpa) FROM students GROUP BY major_id;
students=>              
+----------+-------+-----+
| major_id | count | min |
+----------+-------+-----+
|          |     8 | 2.3 |
|       42 |     1 | 2.6 |
|       41 |     6 | 2.1 |
|       38 |     4 | 2.2 |
|       36 |     6 | 1.9 |
|       37 |     6 | 1.8 |
+----------+-------+-----+
(6 rows)

           SELECT major_id, MIN(gpa) FROM students GROUP BY major_id;
students=>          
+----------+-----+
| major_id | min |
+----------+-----+
|          | 2.3 |
|       42 | 2.6 |
|       41 | 2.1 |
|       38 | 2.2 |
|       36 | 1.9 |
|       37 | 1.8 |
+----------+-----+
(6 rows)

           SELECT major_id, MIN(gpa), MAX(gpa) FROM students GROUP BY major_id;
students=>             
+----------+-----+-----+
| major_id | min | max |
+----------+-----+-----+
|          | 2.3 | 3.8 |
|       42 | 2.6 | 2.6 |
|       41 | 2.1 | 4.0 |
|       38 | 2.2 | 3.4 |
|       36 | 1.9 | 3.7 |
|       37 | 1.8 | 4.0 |
+----------+-----+-----+
(6 rows)


students=> SELECT major_id, MIN(gpa), MAX(gpa) FROM students GROUP BY major_id HAVING gpa =  MAX(gpa);
ERROR:  column "students.gpa" must appear in the GROUP BY clause or be used in an aggregate function
LINE 1: ..., MAX(gpa) FROM students GROUP BY major_id HAVING gpa =  MAX...
                                                             ^
students=> SELECT major_id, MIN(gpa), MAX(gpa) FROM students GROUP BY major_id HAVING gpa = MAX(gpa);
ERROR:  column "students.gpa" must appear in the GROUP BY clause or be used in an aggregate function
LINE 1: ..., MAX(gpa) FROM students GROUP BY major_id HAVING gpa = MAX(...
                                                             ^
students=> SELECT major_id, MIN(gpa), MAX(gpa) FROM students GROUP BY major_id HAVING MAX(gpa) = 4.0;
            
+----------+-----+-----+
| major_id | min | max |
+----------+-----+-----+
|       41 | 2.1 | 4.0 |
|       37 | 1.8 | 4.0 |
+----------+-----+-----+
(2 rows)

students=> SELECT major_id, MIN(gpa) as min_gpa, MAX(gpa) FROM students GROUP BY major_id HAVING MAX(gpa) = 4.0;
students=>               
+----------+---------+-----+
| major_id | min_gpa | max |
+----------+---------+-----+
|       41 |     2.1 | 4.0 |
|       37 |     1.8 | 4.0 |
+----------+---------+-----+
(2 rows)

           SELECT major_id, MIN(gpa) as min_gpa, MAX(gpa) as max_gpa FROM students GROUP BY major_id HAVING MAX(gpa) = 4.0;
students=>                 
+----------+---------+---------+
| major_id | min_gpa | max_gpa |
+----------+---------+---------+
|       41 |     2.1 |     4.0 |
|       37 |     1.8 |     4.0 |
+----------+---------+---------+
(2 rows)


students=> SELECT major_id, COUNT(*) AS number_of_students FROM  students GROUP BY major_id;
students=>                  
+----------+--------------------+
| major_id | number_of_students |
+----------+--------------------+
|          |                  8 |
|       42 |                  1 |
|       41 |                  6 |
|       38 |                  4 |
|       36 |                  6 |
|       37 |                  6 |
+----------+--------------------+
(6 rows)


students=> SELECT major_id, COUNT(*) AS number_of_students FROM  students GROUP BY major_id HAVING COUNT(*) < 8;
students=>                  
+----------+--------------------+
| major_id | number_of_students |
+----------+--------------------+
|       42 |                  1 |
|       41 |                  6 |
|       38 |                  4 |
|       36 |                  6 |
|       37 |                  6 |
+----------+--------------------+
(5 rows)


students=> SELECT major_id, COUNT(*) AS number_of_students, ROUNDED(AVG(gpa), 2) AS average_gpa FROM students GROUP BY major_id HAVING COUNT(*) > 1;
ERROR:  function rounded(numeric, integer) does not exist
LINE 1: SELECT major_id, COUNT(*) AS number_of_students, ROUNDED(AVG...
                                                         ^
HINT:  No function matches the given name and argument types. You might need to add explicit type casts.
students=> SELECT major_id, COUNT(*) AS number_of_students, ROUND(AVG(gpa), 2) AS average_gpa FROM students GROUP BY major_id HAVING COUNT(*) > 1;
students=>                         
+----------+--------------------+-------------+
| major_id | number_of_students | average_gpa |
+----------+--------------------+-------------+
|          |                  8 |        2.97 |
|       41 |                  6 |        3.53 |
|       38 |                  4 |        2.73 |
|       36 |                  6 |        2.92 |
|       37 |                  6 |        3.38 |
+----------+--------------------+-------------+
(5 rows)


students=> SELECT * FROM students FULL JOIN majors ON students.major_id = majors.major_id;
                                                
+------------+------------+--------------+----------+-----+----------+-------------------------+
| student_id | first_name |  last_name   | major_id | gpa | major_id |          major          |
+------------+------------+--------------+----------+-----+----------+-------------------------+
|          6 | Rhea       | Kellems      |       36 | 2.5 |       36 | Database Administration |
|          7 | Emma       | Gilbert      |          |     |          |                         |
|          8 | Kimberly   | Whitley      |       37 | 3.8 |       37 | Web Development         |
|          9 | Jimmy      | Felipe       |       36 | 3.7 |       36 | Database Administration |
|         10 | Kyle       | Stimson      |          | 2.8 |          |                         |
|         11 | Casares    | Hijo         |       41 | 4.0 |       41 | Game Design             |
|         12 | Noe        | Savage       |          | 3.6 |          |                         |
|         13 | Sterling   | Boss         |       41 | 3.9 |       41 | Game Design             |
|         14 | Brian      | Davis        |          | 2.3 |          |                         |
|         15 | Kaija      | Uronen       |       41 | 3.7 |       41 | Game Design             |
|         16 | Faye       | Conn         |       41 | 2.1 |       41 | Game Design             |
|         17 | Efren      | Reilly       |       37 | 3.9 |       37 | Web Development         |
|         18 | Danh       | Nhung        |          | 2.4 |          |                         |
|         19 | Maxine     | Hagenes      |       36 | 2.9 |       36 | Database Administration |
|         20 | Larry      | Saunders     |       38 | 2.2 |       38 | Data Science            |
|         21 | Karl       | Kuhar        |       37 |     |       37 | Web Development         |
|         22 | Lieke      | Hazenveld    |       41 | 3.5 |       41 | Game Design             |
|         23 | Obie       | Hilpert      |       37 |     |       37 | Web Development         |
|         24 | Peter      | Booysen      |          | 2.9 |          |                         |
|         25 | Nathan     | Turner       |       36 | 3.3 |       36 | Database Administration |
|         26 | Gerald     | Osiki        |       38 | 2.2 |       38 | Data Science            |
|         27 | Vanya      | Hassanah     |       41 | 4.0 |       41 | Game Design             |
|         28 | Roxelana   | Florescu     |       36 | 3.2 |       36 | Database Administration |
|         29 | Helene     | Parker       |       38 | 3.4 |       38 | Data Science            |
|         30 | Mariana    | Russel       |       37 | 1.8 |       37 | Web Development         |
|         31 | Ajit       | Dhungel      |          | 3.0 |          |                         |
|         32 | Mehdi      | Vandenberghe |       36 | 1.9 |       36 | Database Administration |
|         33 | Dejon      | Howell       |       37 | 4.0 |       37 | Web Development         |
|         34 | Aliya      | Gulgowski    |       42 | 2.6 |       42 | System Administration   |
|         35 | Ana        | Tupajic      |       38 | 3.1 |       38 | Data Science            |
|         36 | Hugo       | Duran        |          | 3.8 |          |                         |
|            |            |              |          |     |       39 | Network Engineering     |
|            |            |              |          |     |       40 | Computer Programming    |
+------------+------------+--------------+----------+-----+----------+-------------------------+
(33 rows)

students=> SELECT * FROM students LEFT JOIN majors ON students.major_id = majors.major_id;
                                                
+------------+------------+--------------+----------+-----+----------+-------------------------+
| student_id | first_name |  last_name   | major_id | gpa | major_id |          major          |
+------------+------------+--------------+----------+-----+----------+-------------------------+
|          6 | Rhea       | Kellems      |       36 | 2.5 |       36 | Database Administration |
|          7 | Emma       | Gilbert      |          |     |          |                         |
|          8 | Kimberly   | Whitley      |       37 | 3.8 |       37 | Web Development         |
|          9 | Jimmy      | Felipe       |       36 | 3.7 |       36 | Database Administration |
|         10 | Kyle       | Stimson      |          | 2.8 |          |                         |
|         11 | Casares    | Hijo         |       41 | 4.0 |       41 | Game Design             |
|         12 | Noe        | Savage       |          | 3.6 |          |                         |
|         13 | Sterling   | Boss         |       41 | 3.9 |       41 | Game Design             |
|         14 | Brian      | Davis        |          | 2.3 |          |                         |
|         15 | Kaija      | Uronen       |       41 | 3.7 |       41 | Game Design             |
|         16 | Faye       | Conn         |       41 | 2.1 |       41 | Game Design             |
|         17 | Efren      | Reilly       |       37 | 3.9 |       37 | Web Development         |
|         18 | Danh       | Nhung        |          | 2.4 |          |                         |
|         19 | Maxine     | Hagenes      |       36 | 2.9 |       36 | Database Administration |
|         20 | Larry      | Saunders     |       38 | 2.2 |       38 | Data Science            |
|         21 | Karl       | Kuhar        |       37 |     |       37 | Web Development         |
|         22 | Lieke      | Hazenveld    |       41 | 3.5 |       41 | Game Design             |
|         23 | Obie       | Hilpert      |       37 |     |       37 | Web Development         |
|         24 | Peter      | Booysen      |          | 2.9 |          |                         |
|         25 | Nathan     | Turner       |       36 | 3.3 |       36 | Database Administration |
|         26 | Gerald     | Osiki        |       38 | 2.2 |       38 | Data Science            |
|         27 | Vanya      | Hassanah     |       41 | 4.0 |       41 | Game Design             |
|         28 | Roxelana   | Florescu     |       36 | 3.2 |       36 | Database Administration |
|         29 | Helene     | Parker       |       38 | 3.4 |       38 | Data Science            |
|         30 | Mariana    | Russel       |       37 | 1.8 |       37 | Web Development         |
|         31 | Ajit       | Dhungel      |          | 3.0 |          |                         |
|         32 | Mehdi      | Vandenberghe |       36 | 1.9 |       36 | Database Administration |
|         33 | Dejon      | Howell       |       37 | 4.0 |       37 | Web Development         |
|         34 | Aliya      | Gulgowski    |       42 | 2.6 |       42 | System Administration   |
|         35 | Ana        | Tupajic      |       38 | 3.1 |       38 | Data Science            |
|         36 | Hugo       | Duran        |          | 3.8 |          |                         |
+------------+------------+--------------+----------+-----+----------+-------------------------+
(31 rows)

students=> SELECT * FROM students RIGHT JOIN majors ON students.major_id = majors.major_id;
students=>                                                 
+------------+------------+--------------+----------+-----+----------+-------------------------+
| student_id | first_name |  last_name   | major_id | gpa | major_id |          major          |
+------------+------------+--------------+----------+-----+----------+-------------------------+
|          6 | Rhea       | Kellems      |       36 | 2.5 |       36 | Database Administration |
|          8 | Kimberly   | Whitley      |       37 | 3.8 |       37 | Web Development         |
|          9 | Jimmy      | Felipe       |       36 | 3.7 |       36 | Database Administration |
|         11 | Casares    | Hijo         |       41 | 4.0 |       41 | Game Design             |
|         13 | Sterling   | Boss         |       41 | 3.9 |       41 | Game Design             |
|         15 | Kaija      | Uronen       |       41 | 3.7 |       41 | Game Design             |
|         16 | Faye       | Conn         |       41 | 2.1 |       41 | Game Design             |
|         17 | Efren      | Reilly       |       37 | 3.9 |       37 | Web Development         |
|         19 | Maxine     | Hagenes      |       36 | 2.9 |       36 | Database Administration |
|         20 | Larry      | Saunders     |       38 | 2.2 |       38 | Data Science            |
|         21 | Karl       | Kuhar        |       37 |     |       37 | Web Development         |
|         22 | Lieke      | Hazenveld    |       41 | 3.5 |       41 | Game Design             |
|         23 | Obie       | Hilpert      |       37 |     |       37 | Web Development         |
|         25 | Nathan     | Turner       |       36 | 3.3 |       36 | Database Administration |
|         26 | Gerald     | Osiki        |       38 | 2.2 |       38 | Data Science            |
|         27 | Vanya      | Hassanah     |       41 | 4.0 |       41 | Game Design             |
|         28 | Roxelana   | Florescu     |       36 | 3.2 |       36 | Database Administration |
|         29 | Helene     | Parker       |       38 | 3.4 |       38 | Data Science            |
|         30 | Mariana    | Russel       |       37 | 1.8 |       37 | Web Development         |
|         32 | Mehdi      | Vandenberghe |       36 | 1.9 |       36 | Database Administration |
|         33 | Dejon      | Howell       |       37 | 4.0 |       37 | Web Development         |
|         34 | Aliya      | Gulgowski    |       42 | 2.6 |       42 | System Administration   |
|         35 | Ana        | Tupajic      |       38 | 3.1 |       38 | Data Science            |
|            |            |              |          |     |       39 | Network Engineering     |
|            |            |              |          |     |       40 | Computer Programming    |
+------------+------------+--------------+----------+-----+----------+-------------------------+
(25 rows)


students=> SELECT * FROM students inner JOIN majors ON students.major_id = majors.major_id;
                                                
+------------+------------+--------------+----------+-----+----------+-------------------------+
| student_id | first_name |  last_name   | major_id | gpa | major_id |          major          |
+------------+------------+--------------+----------+-----+----------+-------------------------+
|          6 | Rhea       | Kellems      |       36 | 2.5 |       36 | Database Administration |
|          8 | Kimberly   | Whitley      |       37 | 3.8 |       37 | Web Development         |
|          9 | Jimmy      | Felipe       |       36 | 3.7 |       36 | Database Administration |
|         11 | Casares    | Hijo         |       41 | 4.0 |       41 | Game Design             |
|         13 | Sterling   | Boss         |       41 | 3.9 |       41 | Game Design             |
|         15 | Kaija      | Uronen       |       41 | 3.7 |       41 | Game Design             |
|         16 | Faye       | Conn         |       41 | 2.1 |       41 | Game Design             |
|         17 | Efren      | Reilly       |       37 | 3.9 |       37 | Web Development         |
|         19 | Maxine     | Hagenes      |       36 | 2.9 |       36 | Database Administration |
|         20 | Larry      | Saunders     |       38 | 2.2 |       38 | Data Science            |
|         21 | Karl       | Kuhar        |       37 |     |       37 | Web Development         |
|         22 | Lieke      | Hazenveld    |       41 | 3.5 |       41 | Game Design             |
|         23 | Obie       | Hilpert      |       37 |     |       37 | Web Development         |
|         25 | Nathan     | Turner       |       36 | 3.3 |       36 | Database Administration |
|         26 | Gerald     | Osiki        |       38 | 2.2 |       38 | Data Science            |
|         27 | Vanya      | Hassanah     |       41 | 4.0 |       41 | Game Design             |
|         28 | Roxelana   | Florescu     |       36 | 3.2 |       36 | Database Administration |
|         29 | Helene     | Parker       |       38 | 3.4 |       38 | Data Science            |
|         30 | Mariana    | Russel       |       37 | 1.8 |       37 | Web Development         |
|         32 | Mehdi      | Vandenberghe |       36 | 1.9 |       36 | Database Administration |
|         33 | Dejon      | Howell       |       37 | 4.0 |       37 | Web Development         |
|         34 | Aliya      | Gulgowski    |       42 | 2.6 |       42 | System Administration   |
|         35 | Ana        | Tupajic      |       38 | 3.1 |       38 | Data Science            |
+------------+------------+--------------+----------+-----+----------+-------------------------+
(23 rows)

students=> SELECT * FROM students LEFT JOIN majors ON students.major_id = majors.major_id;
students=>                                                 
+------------+------------+--------------+----------+-----+----------+-------------------------+
| student_id | first_name |  last_name   | major_id | gpa | major_id |          major          |
+------------+------------+--------------+----------+-----+----------+-------------------------+
|          6 | Rhea       | Kellems      |       36 | 2.5 |       36 | Database Administration |
|          7 | Emma       | Gilbert      |          |     |          |                         |
|          8 | Kimberly   | Whitley      |       37 | 3.8 |       37 | Web Development         |
|          9 | Jimmy      | Felipe       |       36 | 3.7 |       36 | Database Administration |
|         10 | Kyle       | Stimson      |          | 2.8 |          |                         |
|         11 | Casares    | Hijo         |       41 | 4.0 |       41 | Game Design             |
|         12 | Noe        | Savage       |          | 3.6 |          |                         |
|         13 | Sterling   | Boss         |       41 | 3.9 |       41 | Game Design             |
|         14 | Brian      | Davis        |          | 2.3 |          |                         |
|         15 | Kaija      | Uronen       |       41 | 3.7 |       41 | Game Design             |
|         16 | Faye       | Conn         |       41 | 2.1 |       41 | Game Design             |
|         17 | Efren      | Reilly       |       37 | 3.9 |       37 | Web Development         |
|         18 | Danh       | Nhung        |          | 2.4 |          |                         |
|         19 | Maxine     | Hagenes      |       36 | 2.9 |       36 | Database Administration |
|         20 | Larry      | Saunders     |       38 | 2.2 |       38 | Data Science            |
|         21 | Karl       | Kuhar        |       37 |     |       37 | Web Development         |
|         22 | Lieke      | Hazenveld    |       41 | 3.5 |       41 | Game Design             |
|         23 | Obie       | Hilpert      |       37 |     |       37 | Web Development         |
|         24 | Peter      | Booysen      |          | 2.9 |          |                         |
|         25 | Nathan     | Turner       |       36 | 3.3 |       36 | Database Administration |
|         26 | Gerald     | Osiki        |       38 | 2.2 |       38 | Data Science            |
|         27 | Vanya      | Hassanah     |       41 | 4.0 |       41 | Game Design             |
|         28 | Roxelana   | Florescu     |       36 | 3.2 |       36 | Database Administration |
|         29 | Helene     | Parker       |       38 | 3.4 |       38 | Data Science            |
|         30 | Mariana    | Russel       |       37 | 1.8 |       37 | Web Development         |
|         31 | Ajit       | Dhungel      |          | 3.0 |          |                         |
|         32 | Mehdi      | Vandenberghe |       36 | 1.9 |       36 | Database Administration |
|         33 | Dejon      | Howell       |       37 | 4.0 |       37 | Web Development         |
|         34 | Aliya      | Gulgowski    |       42 | 2.6 |       42 | System Administration   |
|         35 | Ana        | Tupajic      |       38 | 3.1 |       38 | Data Science            |
|         36 | Hugo       | Duran        |          | 3.8 |          |                         |
+------------+------------+--------------+----------+-----+----------+-------------------------+
(31 rows)


students=> SELECT * FROM students LEFT JOIN majors ON students.major_id = majors.major_id WHERE students.major_id IS NOT NULL;
students=>                                                 
+------------+------------+--------------+----------+-----+----------+-------------------------+
| student_id | first_name |  last_name   | major_id | gpa | major_id |          major          |
+------------+------------+--------------+----------+-----+----------+-------------------------+
|          6 | Rhea       | Kellems      |       36 | 2.5 |       36 | Database Administration |
|          8 | Kimberly   | Whitley      |       37 | 3.8 |       37 | Web Development         |
|          9 | Jimmy      | Felipe       |       36 | 3.7 |       36 | Database Administration |
|         11 | Casares    | Hijo         |       41 | 4.0 |       41 | Game Design             |
|         13 | Sterling   | Boss         |       41 | 3.9 |       41 | Game Design             |
|         15 | Kaija      | Uronen       |       41 | 3.7 |       41 | Game Design             |
|         16 | Faye       | Conn         |       41 | 2.1 |       41 | Game Design             |
|         17 | Efren      | Reilly       |       37 | 3.9 |       37 | Web Development         |
|         19 | Maxine     | Hagenes      |       36 | 2.9 |       36 | Database Administration |
|         20 | Larry      | Saunders     |       38 | 2.2 |       38 | Data Science            |
|         21 | Karl       | Kuhar        |       37 |     |       37 | Web Development         |
|         22 | Lieke      | Hazenveld    |       41 | 3.5 |       41 | Game Design             |
|         23 | Obie       | Hilpert      |       37 |     |       37 | Web Development         |
|         25 | Nathan     | Turner       |       36 | 3.3 |       36 | Database Administration |
|         26 | Gerald     | Osiki        |       38 | 2.2 |       38 | Data Science            |
|         27 | Vanya      | Hassanah     |       41 | 4.0 |       41 | Game Design             |
|         28 | Roxelana   | Florescu     |       36 | 3.2 |       36 | Database Administration |
|         29 | Helene     | Parker       |       38 | 3.4 |       38 | Data Science            |
|         30 | Mariana    | Russel       |       37 | 1.8 |       37 | Web Development         |
|         32 | Mehdi      | Vandenberghe |       36 | 1.9 |       36 | Database Administration |
|         33 | Dejon      | Howell       |       37 | 4.0 |       37 | Web Development         |
|         34 | Aliya      | Gulgowski    |       42 | 2.6 |       42 | System Administration   |
|         35 | Ana        | Tupajic      |       38 | 3.1 |       38 | Data Science            |
+------------+------------+--------------+----------+-----+----------+-------------------------+
(23 rows)


students=> SELECT * FROM majors LEFT JOIN students ON majors.major_id = studentss.major_id;
ERROR:  missing FROM-clause entry for table "studentss"
LINE 1: ...OM majors LEFT JOIN students ON majors.major_id = studentss....
                                                             ^
students=> SELECT * FROM majors LEFT JOIN students ON majors.major_id = students.major_id;
students=>                                                 
+----------+-------------------------+------------+------------+--------------+----------+-----+
| major_id |          major          | student_id | first_name |  last_name   | major_id | gpa |
+----------+-------------------------+------------+------------+--------------+----------+-----+
|       36 | Database Administration |          6 | Rhea       | Kellems      |       36 | 2.5 |
|       37 | Web Development         |          8 | Kimberly   | Whitley      |       37 | 3.8 |
|       36 | Database Administration |          9 | Jimmy      | Felipe       |       36 | 3.7 |
|       41 | Game Design             |         11 | Casares    | Hijo         |       41 | 4.0 |
|       41 | Game Design             |         13 | Sterling   | Boss         |       41 | 3.9 |
|       41 | Game Design             |         15 | Kaija      | Uronen       |       41 | 3.7 |
|       41 | Game Design             |         16 | Faye       | Conn         |       41 | 2.1 |
|       37 | Web Development         |         17 | Efren      | Reilly       |       37 | 3.9 |
|       36 | Database Administration |         19 | Maxine     | Hagenes      |       36 | 2.9 |
|       38 | Data Science            |         20 | Larry      | Saunders     |       38 | 2.2 |
|       37 | Web Development         |         21 | Karl       | Kuhar        |       37 |     |
|       41 | Game Design             |         22 | Lieke      | Hazenveld    |       41 | 3.5 |
|       37 | Web Development         |         23 | Obie       | Hilpert      |       37 |     |
|       36 | Database Administration |         25 | Nathan     | Turner       |       36 | 3.3 |
|       38 | Data Science            |         26 | Gerald     | Osiki        |       38 | 2.2 |
|       41 | Game Design             |         27 | Vanya      | Hassanah     |       41 | 4.0 |
|       36 | Database Administration |         28 | Roxelana   | Florescu     |       36 | 3.2 |
|       38 | Data Science            |         29 | Helene     | Parker       |       38 | 3.4 |
|       37 | Web Development         |         30 | Mariana    | Russel       |       37 | 1.8 |
|       36 | Database Administration |         32 | Mehdi      | Vandenberghe |       36 | 1.9 |
|       37 | Web Development         |         33 | Dejon      | Howell       |       37 | 4.0 |
|       42 | System Administration   |         34 | Aliya      | Gulgowski    |       42 | 2.6 |
|       38 | Data Science            |         35 | Ana        | Tupajic      |       38 | 3.1 |
|       39 | Network Engineering     |            |            |              |          |     |
|       40 | Computer Programming    |            |            |              |          |     |
+----------+-------------------------+------------+------------+--------------+----------+-----+
(25 rows)


students=> SELECT * FROM majors INNER JOIN students ON majors.major_id = students.major_id;
students=>                                                 
+----------+-------------------------+------------+------------+--------------+----------+-----+
| major_id |          major          | student_id | first_name |  last_name   | major_id | gpa |
+----------+-------------------------+------------+------------+--------------+----------+-----+
|       36 | Database Administration |          6 | Rhea       | Kellems      |       36 | 2.5 |
|       37 | Web Development         |          8 | Kimberly   | Whitley      |       37 | 3.8 |
|       36 | Database Administration |          9 | Jimmy      | Felipe       |       36 | 3.7 |
|       41 | Game Design             |         11 | Casares    | Hijo         |       41 | 4.0 |
|       41 | Game Design             |         13 | Sterling   | Boss         |       41 | 3.9 |
|       41 | Game Design             |         15 | Kaija      | Uronen       |       41 | 3.7 |
|       41 | Game Design             |         16 | Faye       | Conn         |       41 | 2.1 |
|       37 | Web Development         |         17 | Efren      | Reilly       |       37 | 3.9 |
|       36 | Database Administration |         19 | Maxine     | Hagenes      |       36 | 2.9 |
|       38 | Data Science            |         20 | Larry      | Saunders     |       38 | 2.2 |
|       37 | Web Development         |         21 | Karl       | Kuhar        |       37 |     |
|       41 | Game Design             |         22 | Lieke      | Hazenveld    |       41 | 3.5 |
|       37 | Web Development         |         23 | Obie       | Hilpert      |       37 |     |
|       36 | Database Administration |         25 | Nathan     | Turner       |       36 | 3.3 |
|       38 | Data Science            |         26 | Gerald     | Osiki        |       38 | 2.2 |
|       41 | Game Design             |         27 | Vanya      | Hassanah     |       41 | 4.0 |
|       36 | Database Administration |         28 | Roxelana   | Florescu     |       36 | 3.2 |
|       38 | Data Science            |         29 | Helene     | Parker       |       38 | 3.4 |
|       37 | Web Development         |         30 | Mariana    | Russel       |       37 | 1.8 |
|       36 | Database Administration |         32 | Mehdi      | Vandenberghe |       36 | 1.9 |
|       37 | Web Development         |         33 | Dejon      | Howell       |       37 | 4.0 |
|       42 | System Administration   |         34 | Aliya      | Gulgowski    |       42 | 2.6 |
|       38 | Data Science            |         35 | Ana        | Tupajic      |       38 | 3.1 |
+----------+-------------------------+------------+------------+--------------+----------+-----+
(23 rows)


students=> 
students=> SELECT * FROM majors RIGHT JOIN students ON majors.major_id = students.major_id;
                                                
+----------+-------------------------+------------+------------+--------------+----------+-----+
| major_id |          major          | student_id | first_name |  last_name   | major_id | gpa |
+----------+-------------------------+------------+------------+--------------+----------+-----+
|       36 | Database Administration |          6 | Rhea       | Kellems      |       36 | 2.5 |
|          |                         |          7 | Emma       | Gilbert      |          |     |
|       37 | Web Development         |          8 | Kimberly   | Whitley      |       37 | 3.8 |
|       36 | Database Administration |          9 | Jimmy      | Felipe       |       36 | 3.7 |
|          |                         |         10 | Kyle       | Stimson      |          | 2.8 |
|       41 | Game Design             |         11 | Casares    | Hijo         |       41 | 4.0 |
|          |                         |         12 | Noe        | Savage       |          | 3.6 |
|       41 | Game Design             |         13 | Sterling   | Boss         |       41 | 3.9 |
|          |                         |         14 | Brian      | Davis        |          | 2.3 |
|       41 | Game Design             |         15 | Kaija      | Uronen       |       41 | 3.7 |
|       41 | Game Design             |         16 | Faye       | Conn         |       41 | 2.1 |
|       37 | Web Development         |         17 | Efren      | Reilly       |       37 | 3.9 |
|          |                         |         18 | Danh       | Nhung        |          | 2.4 |
|       36 | Database Administration |         19 | Maxine     | Hagenes      |       36 | 2.9 |
|       38 | Data Science            |         20 | Larry      | Saunders     |       38 | 2.2 |
|       37 | Web Development         |         21 | Karl       | Kuhar        |       37 |     |
|       41 | Game Design             |         22 | Lieke      | Hazenveld    |       41 | 3.5 |
|       37 | Web Development         |         23 | Obie       | Hilpert      |       37 |     |
|          |                         |         24 | Peter      | Booysen      |          | 2.9 |
|       36 | Database Administration |         25 | Nathan     | Turner       |       36 | 3.3 |
|       38 | Data Science            |         26 | Gerald     | Osiki        |       38 | 2.2 |
|       41 | Game Design             |         27 | Vanya      | Hassanah     |       41 | 4.0 |
|       36 | Database Administration |         28 | Roxelana   | Florescu     |       36 | 3.2 |
|       38 | Data Science            |         29 | Helene     | Parker       |       38 | 3.4 |
|       37 | Web Development         |         30 | Mariana    | Russel       |       37 | 1.8 |
|          |                         |         31 | Ajit       | Dhungel      |          | 3.0 |
|       36 | Database Administration |         32 | Mehdi      | Vandenberghe |       36 | 1.9 |
|       37 | Web Development         |         33 | Dejon      | Howell       |       37 | 4.0 |
|       42 | System Administration   |         34 | Aliya      | Gulgowski    |       42 | 2.6 |
|       38 | Data Science            |         35 | Ana        | Tupajic      |       38 | 3.1 |
|          |                         |         36 | Hugo       | Duran        |          | 3.8 |
+----------+-------------------------+------------+------------+--------------+----------+-----+
(31 rows)

students=> SELECT * FROM majors FULL JOIN students ON majors.major_id = students.major_id;
students=>                                                 
+----------+-------------------------+------------+------------+--------------+----------+-----+
| major_id |          major          | student_id | first_name |  last_name   | major_id | gpa |
+----------+-------------------------+------------+------------+--------------+----------+-----+
|       36 | Database Administration |          6 | Rhea       | Kellems      |       36 | 2.5 |
|          |                         |          7 | Emma       | Gilbert      |          |     |
|       37 | Web Development         |          8 | Kimberly   | Whitley      |       37 | 3.8 |
|       36 | Database Administration |          9 | Jimmy      | Felipe       |       36 | 3.7 |
|          |                         |         10 | Kyle       | Stimson      |          | 2.8 |
|       41 | Game Design             |         11 | Casares    | Hijo         |       41 | 4.0 |
|          |                         |         12 | Noe        | Savage       |          | 3.6 |
|       41 | Game Design             |         13 | Sterling   | Boss         |       41 | 3.9 |
|          |                         |         14 | Brian      | Davis        |          | 2.3 |
|       41 | Game Design             |         15 | Kaija      | Uronen       |       41 | 3.7 |
|       41 | Game Design             |         16 | Faye       | Conn         |       41 | 2.1 |
|       37 | Web Development         |         17 | Efren      | Reilly       |       37 | 3.9 |
|          |                         |         18 | Danh       | Nhung        |          | 2.4 |
|       36 | Database Administration |         19 | Maxine     | Hagenes      |       36 | 2.9 |
|       38 | Data Science            |         20 | Larry      | Saunders     |       38 | 2.2 |
|       37 | Web Development         |         21 | Karl       | Kuhar        |       37 |     |
|       41 | Game Design             |         22 | Lieke      | Hazenveld    |       41 | 3.5 |
|       37 | Web Development         |         23 | Obie       | Hilpert      |       37 |     |
|          |                         |         24 | Peter      | Booysen      |          | 2.9 |
|       36 | Database Administration |         25 | Nathan     | Turner       |       36 | 3.3 |
|       38 | Data Science            |         26 | Gerald     | Osiki        |       38 | 2.2 |
|       41 | Game Design             |         27 | Vanya      | Hassanah     |       41 | 4.0 |
|       36 | Database Administration |         28 | Roxelana   | Florescu     |       36 | 3.2 |
|       38 | Data Science            |         29 | Helene     | Parker       |       38 | 3.4 |
|       37 | Web Development         |         30 | Mariana    | Russel       |       37 | 1.8 |
|          |                         |         31 | Ajit       | Dhungel      |          | 3.0 |
|       36 | Database Administration |         32 | Mehdi      | Vandenberghe |       36 | 1.9 |
|       37 | Web Development         |         33 | Dejon      | Howell       |       37 | 4.0 |
|       42 | System Administration   |         34 | Aliya      | Gulgowski    |       42 | 2.6 |
|       38 | Data Science            |         35 | Ana        | Tupajic      |       38 | 3.1 |
|          |                         |         36 | Hugo       | Duran        |          | 3.8 |
|       39 | Network Engineering     |            |            |              |          |     |
|       40 | Computer Programming    |            |            |              |          |     |
+----------+-------------------------+------------+------------+--------------+----------+-----+
(33 rows)


students=> SELECT * FROM majors INNER JOIN students ON majors.major_id = students.major_id;
                                                
+----------+-------------------------+------------+------------+--------------+----------+-----+
| major_id |          major          | student_id | first_name |  last_name   | major_id | gpa |
+----------+-------------------------+------------+------------+--------------+----------+-----+
|       36 | Database Administration |          6 | Rhea       | Kellems      |       36 | 2.5 |
|       37 | Web Development         |          8 | Kimberly   | Whitley      |       37 | 3.8 |
|       36 | Database Administration |          9 | Jimmy      | Felipe       |       36 | 3.7 |
|       41 | Game Design             |         11 | Casares    | Hijo         |       41 | 4.0 |
|       41 | Game Design             |         13 | Sterling   | Boss         |       41 | 3.9 |
|       41 | Game Design             |         15 | Kaija      | Uronen       |       41 | 3.7 |
|       41 | Game Design             |         16 | Faye       | Conn         |       41 | 2.1 |
|       37 | Web Development         |         17 | Efren      | Reilly       |       37 | 3.9 |
|       36 | Database Administration |         19 | Maxine     | Hagenes      |       36 | 2.9 |
|       38 | Data Science            |         20 | Larry      | Saunders     |       38 | 2.2 |
|       37 | Web Development         |         21 | Karl       | Kuhar        |       37 |     |
|       41 | Game Design             |         22 | Lieke      | Hazenveld    |       41 | 3.5 |
|       37 | Web Development         |         23 | Obie       | Hilpert      |       37 |     |
|       36 | Database Administration |         25 | Nathan     | Turner       |       36 | 3.3 |
|       38 | Data Science            |         26 | Gerald     | Osiki        |       38 | 2.2 |
|       41 | Game Design             |         27 | Vanya      | Hassanah     |       41 | 4.0 |
|       36 | Database Administration |         28 | Roxelana   | Florescu     |       36 | 3.2 |
|       38 | Data Science            |         29 | Helene     | Parker       |       38 | 3.4 |
|       37 | Web Development         |         30 | Mariana    | Russel       |       37 | 1.8 |
|       36 | Database Administration |         32 | Mehdi      | Vandenberghe |       36 | 1.9 |
|       37 | Web Development         |         33 | Dejon      | Howell       |       37 | 4.0 |
|       42 | System Administration   |         34 | Aliya      | Gulgowski    |       42 | 2.6 |
|       38 | Data Science            |         35 | Ana        | Tupajic      |       38 | 3.1 |
+----------+-------------------------+------------+------------+--------------+----------+-----+
(23 rows)

students=> SELECT major, first_name, last_name, gpa FROM majors INNER JOIN students ON majors.major_id = students.major_id;
students=>                                
+-------------------------+------------+--------------+-----+
|          major          | first_name |  last_name   | gpa |
+-------------------------+------------+--------------+-----+
| Database Administration | Rhea       | Kellems      | 2.5 |
| Web Development         | Kimberly   | Whitley      | 3.8 |
| Database Administration | Jimmy      | Felipe       | 3.7 |
| Game Design             | Casares    | Hijo         | 4.0 |
| Game Design             | Sterling   | Boss         | 3.9 |
| Game Design             | Kaija      | Uronen       | 3.7 |
| Game Design             | Faye       | Conn         | 2.1 |
| Web Development         | Efren      | Reilly       | 3.9 |
| Database Administration | Maxine     | Hagenes      | 2.9 |
| Data Science            | Larry      | Saunders     | 2.2 |
| Web Development         | Karl       | Kuhar        |     |
| Game Design             | Lieke      | Hazenveld    | 3.5 |
| Web Development         | Obie       | Hilpert      |     |
| Database Administration | Nathan     | Turner       | 3.3 |
| Data Science            | Gerald     | Osiki        | 2.2 |
| Game Design             | Vanya      | Hassanah     | 4.0 |
| Database Administration | Roxelana   | Florescu     | 3.2 |
| Data Science            | Helene     | Parker       | 3.4 |
| Web Development         | Mariana    | Russel       | 1.8 |
| Database Administration | Mehdi      | Vandenberghe | 1.9 |
| Web Development         | Dejon      | Howell       | 4.0 |
| System Administration   | Aliya      | Gulgowski    | 2.6 |
| Data Science            | Ana        | Tupajic      | 3.1 |
+-------------------------+------------+--------------+-----+
(23 rows)


students=> SELECT major FROM majors INNER JOIN students ON majors.major_id = students.major_id;
students=>               
+-------------------------+
|          major          |
+-------------------------+
| Database Administration |
| Web Development         |
| Database Administration |
| Game Design             |
| Game Design             |
| Game Design             |
| Game Design             |
| Web Development         |
| Database Administration |
| Data Science            |
| Web Development         |
| Game Design             |
| Web Development         |
| Database Administration |
| Data Science            |
| Game Design             |
| Database Administration |
| Data Science            |
| Web Development         |
| Database Administration |
| Web Development         |
| System Administration   |
| Data Science            |
+-------------------------+
(23 rows)


students=> SELECT major FROM majors INNER JOIN students ON majors.major_id = students.major_id DISTINCT;
ERROR:  syntax error at or near "DISTINCT"
LINE 1: ...IN students ON majors.major_id = students.major_id DISTINCT;
                                                              ^
students=> SELECT DISTINCT(major) FROM majors INNER JOIN students ON majors.major_id = students.major_id;
students=>               
+-------------------------+
|          major          |
+-------------------------+
| Database Administration |
| Game Design             |
| Data Science            |
| System Administration   |
| Web Development         |
+-------------------------+
(5 rows)


students=> SELECT DISTINCT(major) FROM majors LEFT JOIN students ON majors.major_id = students.major_id;
students=>               
+-------------------------+
|          major          |
+-------------------------+
| Web Development         |
| Database Administration |
| Game Design             |
| Data Science            |
| Computer Programming    |
| Network Engineering     |
| System Administration   |
+-------------------------+
(7 rows)


students=> SELECT DISTINCT(major) FROM majors RIGHT JOIN students ON majors.major_id = students.major_id;
              
+-------------------------+
|          major          |
+-------------------------+
| Web Development         |
|                         |
| Database Administration |
| Game Design             |
| Data Science            |
| System Administration   |
+-------------------------+
(6 rows)

students=> SELECT DISTINCT(major) FROM majors FULL JOIN students ON majors.major_id = students.major_id;
students=>               
+-------------------------+
|          major          |
+-------------------------+
| Web Development         |
|                         |
| Game Design             |
| Data Science            |
| Computer Programming    |
| Network Engineering     |
| System Administration   |
| Database Administration |
+-------------------------+
(8 rows)


students=> 
students=> SELECT DISTINCT(major) FROM majors RIGHT JOIN students ON majors.major_id = students.major_id;
students=>               
+-------------------------+
|          major          |
+-------------------------+
| Web Development         |
|                         |
| Database Administration |
| Game Design             |
| Data Science            |
| System Administration   |
+-------------------------+
(6 rows)


students=> SELECT * FROM students RIGHT JOIN majors ON students.major_id = majors.major_id;
students=>                                                 
+------------+------------+--------------+----------+-----+----------+-------------------------+
| student_id | first_name |  last_name   | major_id | gpa | major_id |          major          |
+------------+------------+--------------+----------+-----+----------+-------------------------+
|          6 | Rhea       | Kellems      |       36 | 2.5 |       36 | Database Administration |
|          8 | Kimberly   | Whitley      |       37 | 3.8 |       37 | Web Development         |
|          9 | Jimmy      | Felipe       |       36 | 3.7 |       36 | Database Administration |
|         11 | Casares    | Hijo         |       41 | 4.0 |       41 | Game Design             |
|         13 | Sterling   | Boss         |       41 | 3.9 |       41 | Game Design             |
|         15 | Kaija      | Uronen       |       41 | 3.7 |       41 | Game Design             |
|         16 | Faye       | Conn         |       41 | 2.1 |       41 | Game Design             |
|         17 | Efren      | Reilly       |       37 | 3.9 |       37 | Web Development         |
|         19 | Maxine     | Hagenes      |       36 | 2.9 |       36 | Database Administration |
|         20 | Larry      | Saunders     |       38 | 2.2 |       38 | Data Science            |
|         21 | Karl       | Kuhar        |       37 |     |       37 | Web Development         |
|         22 | Lieke      | Hazenveld    |       41 | 3.5 |       41 | Game Design             |
|         23 | Obie       | Hilpert      |       37 |     |       37 | Web Development         |
|         25 | Nathan     | Turner       |       36 | 3.3 |       36 | Database Administration |
|         26 | Gerald     | Osiki        |       38 | 2.2 |       38 | Data Science            |
|         27 | Vanya      | Hassanah     |       41 | 4.0 |       41 | Game Design             |
|         28 | Roxelana   | Florescu     |       36 | 3.2 |       36 | Database Administration |
|         29 | Helene     | Parker       |       38 | 3.4 |       38 | Data Science            |
|         30 | Mariana    | Russel       |       37 | 1.8 |       37 | Web Development         |
|         32 | Mehdi      | Vandenberghe |       36 | 1.9 |       36 | Database Administration |
|         33 | Dejon      | Howell       |       37 | 4.0 |       37 | Web Development         |
|         34 | Aliya      | Gulgowski    |       42 | 2.6 |       42 | System Administration   |
|         35 | Ana        | Tupajic      |       38 | 3.1 |       38 | Data Science            |
|            |            |              |          |     |       39 | Network Engineering     |
|            |            |              |          |     |       40 | Computer Programming    |
+------------+------------+--------------+----------+-----+----------+-------------------------+
(25 rows)

           SELECT * FROM students RIGHT JOIN majors ON students.major_id = majors.major_id WHERE student_id IS NULL;
students=>                                              
+------------+------------+-----------+----------+-----+----------+----------------------+
| student_id | first_name | last_name | major_id | gpa | major_id |        major         |
+------------+------------+-----------+----------+-----+----------+----------------------+
|            |            |           |          |     |       39 | Network Engineering  |
|            |            |           |          |     |       40 | Computer Programming |
+------------+------------+-----------+----------+-----+----------+----------------------+
(2 rows)


students=> SELECT major FROM students RIGHT JOIN majors ON students.major_id = majors.major_id WHERE student_id IS NULL;
            
+----------------------+
|        major         |
+----------------------+
| Network Engineering  |
| Computer Programming |
+----------------------+
(2 rows)

students=> SELECT firs_name, last_name, major, gpa FROM students LEFT JOIN majors ON students.major_id = majors.major_id;
ERROR:  column "firs_name" does not exist
LINE 1: SELECT firs_name, last_name, major, gpa FROM students LEFT J...
               ^
HINT:  Perhaps you meant to reference the column "students.first_name".
students=> SELECT first_name, last_name, major, gpa FROM students LEFT JOIN majors ON students.major_id = majors.major_id;
students=>                                
+------------+--------------+-------------------------+-----+
| first_name |  last_name   |          major          | gpa |
+------------+--------------+-------------------------+-----+
| Rhea       | Kellems      | Database Administration | 2.5 |
| Emma       | Gilbert      |                         |     |
| Kimberly   | Whitley      | Web Development         | 3.8 |
| Jimmy      | Felipe       | Database Administration | 3.7 |
| Kyle       | Stimson      |                         | 2.8 |
| Casares    | Hijo         | Game Design             | 4.0 |
| Noe        | Savage       |                         | 3.6 |
| Sterling   | Boss         | Game Design             | 3.9 |
| Brian      | Davis        |                         | 2.3 |
| Kaija      | Uronen       | Game Design             | 3.7 |
| Faye       | Conn         | Game Design             | 2.1 |
| Efren      | Reilly       | Web Development         | 3.9 |
| Danh       | Nhung        |                         | 2.4 |
| Maxine     | Hagenes      | Database Administration | 2.9 |
| Larry      | Saunders     | Data Science            | 2.2 |
| Karl       | Kuhar        | Web Development         |     |
| Lieke      | Hazenveld    | Game Design             | 3.5 |
| Obie       | Hilpert      | Web Development         |     |
| Peter      | Booysen      |                         | 2.9 |
| Nathan     | Turner       | Database Administration | 3.3 |
| Gerald     | Osiki        | Data Science            | 2.2 |
| Vanya      | Hassanah     | Game Design             | 4.0 |
| Roxelana   | Florescu     | Database Administration | 3.2 |
| Helene     | Parker       | Data Science            | 3.4 |
| Mariana    | Russel       | Web Development         | 1.8 |
| Ajit       | Dhungel      |                         | 3.0 |
| Mehdi      | Vandenberghe | Database Administration | 1.9 |
| Dejon      | Howell       | Web Development         | 4.0 |
| Aliya      | Gulgowski    | System Administration   | 2.6 |
| Ana        | Tupajic      | Data Science            | 3.1 |
| Hugo       | Duran        |                         | 3.8 |
+------------+--------------+-------------------------+-----+
(31 rows)


students=> SELECT * FROM students LEFT JOIN majors ON students.major_id = majors.major_id;
students=>                                                 
+------------+------------+--------------+----------+-----+----------+-------------------------+
| student_id | first_name |  last_name   | major_id | gpa | major_id |          major          |
+------------+------------+--------------+----------+-----+----------+-------------------------+
|          6 | Rhea       | Kellems      |       36 | 2.5 |       36 | Database Administration |
|          7 | Emma       | Gilbert      |          |     |          |                         |
|          8 | Kimberly   | Whitley      |       37 | 3.8 |       37 | Web Development         |
|          9 | Jimmy      | Felipe       |       36 | 3.7 |       36 | Database Administration |
|         10 | Kyle       | Stimson      |          | 2.8 |          |                         |
|         11 | Casares    | Hijo         |       41 | 4.0 |       41 | Game Design             |
|         12 | Noe        | Savage       |          | 3.6 |          |                         |
|         13 | Sterling   | Boss         |       41 | 3.9 |       41 | Game Design             |
|         14 | Brian      | Davis        |          | 2.3 |          |                         |
|         15 | Kaija      | Uronen       |       41 | 3.7 |       41 | Game Design             |
|         16 | Faye       | Conn         |       41 | 2.1 |       41 | Game Design             |
|         17 | Efren      | Reilly       |       37 | 3.9 |       37 | Web Development         |
|         18 | Danh       | Nhung        |          | 2.4 |          |                         |
|         19 | Maxine     | Hagenes      |       36 | 2.9 |       36 | Database Administration |
|         20 | Larry      | Saunders     |       38 | 2.2 |       38 | Data Science            |
|         21 | Karl       | Kuhar        |       37 |     |       37 | Web Development         |
|         22 | Lieke      | Hazenveld    |       41 | 3.5 |       41 | Game Design             |
|         23 | Obie       | Hilpert      |       37 |     |       37 | Web Development         |
|         24 | Peter      | Booysen      |          | 2.9 |          |                         |
|         25 | Nathan     | Turner       |       36 | 3.3 |       36 | Database Administration |
|         26 | Gerald     | Osiki        |       38 | 2.2 |       38 | Data Science            |
|         27 | Vanya      | Hassanah     |       41 | 4.0 |       41 | Game Design             |
|         28 | Roxelana   | Florescu     |       36 | 3.2 |       36 | Database Administration |
|         29 | Helene     | Parker       |       38 | 3.4 |       38 | Data Science            |
|         30 | Mariana    | Russel       |       37 | 1.8 |       37 | Web Development         |
|         31 | Ajit       | Dhungel      |          | 3.0 |          |                         |
|         32 | Mehdi      | Vandenberghe |       36 | 1.9 |       36 | Database Administration |
|         33 | Dejon      | Howell       |       37 | 4.0 |       37 | Web Development         |
|         34 | Aliya      | Gulgowski    |       42 | 2.6 |       42 | System Administration   |
|         35 | Ana        | Tupajic      |       38 | 3.1 |       38 | Data Science            |
|         36 | Hugo       | Duran        |          | 3.8 |          |                         |
+------------+------------+--------------+----------+-----+----------+-------------------------+
(31 rows)


students=> SELECT * FROM students LEFT JOIN majors ON students.major_id = majors.major_id WHERE major = 'Data Science' OR gpa >= 3.8;
students=>                                            
+------------+------------+-----------+----------+-----+----------+-----------------+
| student_id | first_name | last_name | major_id | gpa | major_id |      major      |
+------------+------------+-----------+----------+-----+----------+-----------------+
|          8 | Kimberly   | Whitley   |       37 | 3.8 |       37 | Web Development |
|         11 | Casares    | Hijo      |       41 | 4.0 |       41 | Game Design     |
|         13 | Sterling   | Boss      |       41 | 3.9 |       41 | Game Design     |
|         17 | Efren      | Reilly    |       37 | 3.9 |       37 | Web Development |
|         20 | Larry      | Saunders  |       38 | 2.2 |       38 | Data Science    |
|         26 | Gerald     | Osiki     |       38 | 2.2 |       38 | Data Science    |
|         27 | Vanya      | Hassanah  |       41 | 4.0 |       41 | Game Design     |
|         29 | Helene     | Parker    |       38 | 3.4 |       38 | Data Science    |
|         33 | Dejon      | Howell    |       37 | 4.0 |       37 | Web Development |
|         35 | Ana        | Tupajic   |       38 | 3.1 |       38 | Data Science    |
|         36 | Hugo       | Duran     |          | 3.8 |          |                 |
+------------+------------+-----------+----------+-----+----------+-----------------+
(11 rows)


students=> SELECT first_name, last_name, major, gpa  FROM students LEFT JOIN majors ON students.major_id = majors.major_id WHERE major = 'Data Science' OR gpa >= 3.8;
students=>                          
+------------+-----------+-----------------+-----+
| first_name | last_name |      major      | gpa |
+------------+-----------+-----------------+-----+
| Kimberly   | Whitley   | Web Development | 3.8 |
| Casares    | Hijo      | Game Design     | 4.0 |
| Sterling   | Boss      | Game Design     | 3.9 |
| Efren      | Reilly    | Web Development | 3.9 |
| Larry      | Saunders  | Data Science    | 2.2 |
| Gerald     | Osiki     | Data Science    | 2.2 |
| Vanya      | Hassanah  | Game Design     | 4.0 |
| Helene     | Parker    | Data Science    | 3.4 |
| Dejon      | Howell    | Web Development | 4.0 |
| Ana        | Tupajic   | Data Science    | 3.1 |
| Hugo       | Duran     |                 | 3.8 |
+------------+-----------+-----------------+-----+
(11 rows)


students=> SELECT first_name FROM students LEFT JOIN majors ON students.major_id = majors.major_id WHERE major = 'Data Science' OR gpa >= 3.8;
students=>        
+------------+
| first_name |
+------------+
| Kimberly   |
| Casares    |
| Sterling   |
| Efren      |
| Larry      |
| Gerald     |
| Vanya      |
| Helene     |
| Dejon      |
| Ana        |
| Hugo       |
+------------+
(11 rows)


students=> SELECT * FROM students LEFT JOIN majors ON students.major_id = majors.major_id;
students=>                                                 
+------------+------------+--------------+----------+-----+----------+-------------------------+
| student_id | first_name |  last_name   | major_id | gpa | major_id |          major          |
+------------+------------+--------------+----------+-----+----------+-------------------------+
|          6 | Rhea       | Kellems      |       36 | 2.5 |       36 | Database Administration |
|          7 | Emma       | Gilbert      |          |     |          |                         |
|          8 | Kimberly   | Whitley      |       37 | 3.8 |       37 | Web Development         |
|          9 | Jimmy      | Felipe       |       36 | 3.7 |       36 | Database Administration |
|         10 | Kyle       | Stimson      |          | 2.8 |          |                         |
|         11 | Casares    | Hijo         |       41 | 4.0 |       41 | Game Design             |
|         12 | Noe        | Savage       |          | 3.6 |          |                         |
|         13 | Sterling   | Boss         |       41 | 3.9 |       41 | Game Design             |
|         14 | Brian      | Davis        |          | 2.3 |          |                         |
|         15 | Kaija      | Uronen       |       41 | 3.7 |       41 | Game Design             |
|         16 | Faye       | Conn         |       41 | 2.1 |       41 | Game Design             |
|         17 | Efren      | Reilly       |       37 | 3.9 |       37 | Web Development         |
|         18 | Danh       | Nhung        |          | 2.4 |          |                         |
|         19 | Maxine     | Hagenes      |       36 | 2.9 |       36 | Database Administration |
|         20 | Larry      | Saunders     |       38 | 2.2 |       38 | Data Science            |
|         21 | Karl       | Kuhar        |       37 |     |       37 | Web Development         |
|         22 | Lieke      | Hazenveld    |       41 | 3.5 |       41 | Game Design             |
|         23 | Obie       | Hilpert      |       37 |     |       37 | Web Development         |
|         24 | Peter      | Booysen      |          | 2.9 |          |                         |
|         25 | Nathan     | Turner       |       36 | 3.3 |       36 | Database Administration |
|         26 | Gerald     | Osiki        |       38 | 2.2 |       38 | Data Science            |
|         27 | Vanya      | Hassanah     |       41 | 4.0 |       41 | Game Design             |
|         28 | Roxelana   | Florescu     |       36 | 3.2 |       36 | Database Administration |
|         29 | Helene     | Parker       |       38 | 3.4 |       38 | Data Science            |
|         30 | Mariana    | Russel       |       37 | 1.8 |       37 | Web Development         |
|         31 | Ajit       | Dhungel      |          | 3.0 |          |                         |
|         32 | Mehdi      | Vandenberghe |       36 | 1.9 |       36 | Database Administration |
|         33 | Dejon      | Howell       |       37 | 4.0 |       37 | Web Development         |
|         34 | Aliya      | Gulgowski    |       42 | 2.6 |       42 | System Administration   |
|         35 | Ana        | Tupajic      |       38 | 3.1 |       38 | Data Science            |
|         36 | Hugo       | Duran        |          | 3.8 |          |                         |
+------------+------------+--------------+----------+-----+----------+-------------------------+
(31 rows)

           SELECT * FROM students FULL JOIN majors ON students.major_id = majors.major_id;
students=>                                                 
+------------+------------+--------------+----------+-----+----------+-------------------------+
| student_id | first_name |  last_name   | major_id | gpa | major_id |          major          |
+------------+------------+--------------+----------+-----+----------+-------------------------+
|          6 | Rhea       | Kellems      |       36 | 2.5 |       36 | Database Administration |
|          7 | Emma       | Gilbert      |          |     |          |                         |
|          8 | Kimberly   | Whitley      |       37 | 3.8 |       37 | Web Development         |
|          9 | Jimmy      | Felipe       |       36 | 3.7 |       36 | Database Administration |
|         10 | Kyle       | Stimson      |          | 2.8 |          |                         |
|         11 | Casares    | Hijo         |       41 | 4.0 |       41 | Game Design             |
|         12 | Noe        | Savage       |          | 3.6 |          |                         |
|         13 | Sterling   | Boss         |       41 | 3.9 |       41 | Game Design             |
|         14 | Brian      | Davis        |          | 2.3 |          |                         |
|         15 | Kaija      | Uronen       |       41 | 3.7 |       41 | Game Design             |
|         16 | Faye       | Conn         |       41 | 2.1 |       41 | Game Design             |
|         17 | Efren      | Reilly       |       37 | 3.9 |       37 | Web Development         |
|         18 | Danh       | Nhung        |          | 2.4 |          |                         |
|         19 | Maxine     | Hagenes      |       36 | 2.9 |       36 | Database Administration |
|         20 | Larry      | Saunders     |       38 | 2.2 |       38 | Data Science            |
|         21 | Karl       | Kuhar        |       37 |     |       37 | Web Development         |
|         22 | Lieke      | Hazenveld    |       41 | 3.5 |       41 | Game Design             |
|         23 | Obie       | Hilpert      |       37 |     |       37 | Web Development         |
|         24 | Peter      | Booysen      |          | 2.9 |          |                         |
|         25 | Nathan     | Turner       |       36 | 3.3 |       36 | Database Administration |
|         26 | Gerald     | Osiki        |       38 | 2.2 |       38 | Data Science            |
|         27 | Vanya      | Hassanah     |       41 | 4.0 |       41 | Game Design             |
|         28 | Roxelana   | Florescu     |       36 | 3.2 |       36 | Database Administration |
|         29 | Helene     | Parker       |       38 | 3.4 |       38 | Data Science            |
|         30 | Mariana    | Russel       |       37 | 1.8 |       37 | Web Development         |
|         31 | Ajit       | Dhungel      |          | 3.0 |          |                         |
|         32 | Mehdi      | Vandenberghe |       36 | 1.9 |       36 | Database Administration |
|         33 | Dejon      | Howell       |       37 | 4.0 |       37 | Web Development         |
|         34 | Aliya      | Gulgowski    |       42 | 2.6 |       42 | System Administration   |
|         35 | Ana        | Tupajic      |       38 | 3.1 |       38 | Data Science            |
|         36 | Hugo       | Duran        |          | 3.8 |          |                         |
|            |            |              |          |     |       39 | Network Engineering     |
|            |            |              |          |     |       40 | Computer Programming    |
+------------+------------+--------------+----------+-----+----------+-------------------------+
(33 rows)


students=> SELECT * FROM students FULL JOIN majors ON students.major_id = majors.major_id WHERE first_name LIKE '%ri%' OR major LIKE '%ri%';
students=>                                              
+------------+------------+-----------+----------+-----+----------+---------------------+
| student_id | first_name | last_name | major_id | gpa | major_id |        major        |
+------------+------------+-----------+----------+-----+----------+---------------------+
|         14 | Brian      | Davis     |          | 2.3 |          |                     |
|         30 | Mariana    | Russel    |       37 | 1.8 |       37 | Web Development     |
|            |            |           |          |     |       39 | Network Engineering |
+------------+------------+-----------+----------+-----+----------+---------------------+
(3 rows)

camper: /project$ psql --username=freecodecamp --dbname=postgres
Border style is 2.
Title is " ".
Pager usage is off.
psql (12.17 (Ubuntu 12.17-1.pgdg22.04+1))
SSL connection (protocol: TLSv1.3, cipher: TLS_AES_256_GCM_SHA384, bits: 256, compression: off)
Type "help" for help.

postgres=> SELECT first_name, major FROM students FULL JOIN majors ON students.major_id = majors.major_id WHERE first_name LIKE '%ri%' OR major LIKE '%ri%';
ERROR:  relation "students" does not exist
LINE 1: SELECT first_name, major FROM students FULL JOIN majors ON s...
                                      ^
postgres=> \c students
SSL connection (protocol: TLSv1.3, cipher: TLS_AES_256_GCM_SHA384, bits: 256, compression: off)
You are now connected to database "students" as user "freecodecamp".
students=> SELECT first_name, major FROM students FULL JOIN majors ON students.major_id = majors.major_id WHERE first_name LIKE '%ri%' OR major LIKE '%ri%';
                  
+------------+---------------------+
| first_name |        major        |
+------------+---------------------+
| Brian      |                     |
| Mariana    | Web Development     |
|            | Network Engineering |
+------------+---------------------+
(3 rows)

students=> SELECT * FROM students FULL JOIN majors ON students.major_id = majors.major_id;
students=>                                                 
+------------+------------+--------------+----------+-----+----------+-------------------------+
| student_id | first_name |  last_name   | major_id | gpa | major_id |          major          |
+------------+------------+--------------+----------+-----+----------+-------------------------+
|          6 | Rhea       | Kellems      |       36 | 2.5 |       36 | Database Administration |
|          7 | Emma       | Gilbert      |          |     |          |                         |
|          8 | Kimberly   | Whitley      |       37 | 3.8 |       37 | Web Development         |
|          9 | Jimmy      | Felipe       |       36 | 3.7 |       36 | Database Administration |
|         10 | Kyle       | Stimson      |          | 2.8 |          |                         |
|         11 | Casares    | Hijo         |       41 | 4.0 |       41 | Game Design             |
|         12 | Noe        | Savage       |          | 3.6 |          |                         |
|         13 | Sterling   | Boss         |       41 | 3.9 |       41 | Game Design             |
|         14 | Brian      | Davis        |          | 2.3 |          |                         |
|         15 | Kaija      | Uronen       |       41 | 3.7 |       41 | Game Design             |
|         16 | Faye       | Conn         |       41 | 2.1 |       41 | Game Design             |
|         17 | Efren      | Reilly       |       37 | 3.9 |       37 | Web Development         |
|         18 | Danh       | Nhung        |          | 2.4 |          |                         |
|         19 | Maxine     | Hagenes      |       36 | 2.9 |       36 | Database Administration |
|         20 | Larry      | Saunders     |       38 | 2.2 |       38 | Data Science            |
|         21 | Karl       | Kuhar        |       37 |     |       37 | Web Development         |
|         22 | Lieke      | Hazenveld    |       41 | 3.5 |       41 | Game Design             |
|         23 | Obie       | Hilpert      |       37 |     |       37 | Web Development         |
|         24 | Peter      | Booysen      |          | 2.9 |          |                         |
|         25 | Nathan     | Turner       |       36 | 3.3 |       36 | Database Administration |
|         26 | Gerald     | Osiki        |       38 | 2.2 |       38 | Data Science            |
|         27 | Vanya      | Hassanah     |       41 | 4.0 |       41 | Game Design             |
|         28 | Roxelana   | Florescu     |       36 | 3.2 |       36 | Database Administration |
|         29 | Helene     | Parker       |       38 | 3.4 |       38 | Data Science            |
|         30 | Mariana    | Russel       |       37 | 1.8 |       37 | Web Development         |
|         31 | Ajit       | Dhungel      |          | 3.0 |          |                         |
|         32 | Mehdi      | Vandenberghe |       36 | 1.9 |       36 | Database Administration |
|         33 | Dejon      | Howell       |       37 | 4.0 |       37 | Web Development         |
|         34 | Aliya      | Gulgowski    |       42 | 2.6 |       42 | System Administration   |
|         35 | Ana        | Tupajic      |       38 | 3.1 |       38 | Data Science            |
|         36 | Hugo       | Duran        |          | 3.8 |          |                         |
|            |            |              |          |     |       39 | Network Engineering     |
|            |            |              |          |     |       40 | Computer Programming    |
+------------+------------+--------------+----------+-----+----------+-------------------------+
(33 rows)


students=> SELECT students.major_id FROM students FULL JOIN majors ON students.major_id = majors.major_id;
      
+----------+
| major_id |
+----------+
|       36 |
|          |
|       37 |
|       36 |
|          |
|       41 |
|          |
|       41 |
|          |
|       41 |
|       41 |
|       37 |
|          |
|       36 |
|       38 |
|       37 |
|       41 |
|       37 |
|          |
|       36 |
|       38 |
|       41 |
|       36 |
|       38 |
|       37 |
|          |
|       36 |
|       37 |
|       42 |
|       38 |
|          |
|          |
|          |
+----------+
(33 rows)

students=> SELECT students.major_id FROM students FULL JOIN majors as m ON students.major_id = majors.major_id;
ERROR:  invalid reference to FROM-clause entry for table "majors"
LINE 1: ...ents FULL JOIN majors as m ON students.major_id = majors.maj...
                                                             ^
HINT:  Perhaps you meant to reference the table alias "m".
students=> SELECT students.major_id FROM students FULL JOIN majors as m ON students.major_id = m.major_id;
students=>       
+----------+
| major_id |
+----------+
|       36 |
|          |
|       37 |
|       36 |
|          |
|       41 |
|          |
|       41 |
|          |
|       41 |
|       41 |
|       37 |
|          |
|       36 |
|       38 |
|       37 |
|       41 |
|       37 |
|          |
|       36 |
|       38 |
|       41 |
|       36 |
|       38 |
|       37 |
|          |
|       36 |
|       37 |
|       42 |
|       38 |
|          |
|          |
|          |
+----------+
(33 rows)


students=> SELECT s.major_id FROM students AS s FULL JOIN majors AS  m ON s.major_id = m.major_id;
ERROR:  missing FROM-clause entry for table "ss"
LINE 1: ...or_id FROM students AS s FULL JOIN majors AS m ON ss.major_i...
                                                             ^
students=> SELECT s.major_id FROM students AS s FULL JOIN majors AS m ON s.major_id = m.major_id;
students=>       
+----------+
| major_id |
+----------+
|       36 |
|          |
|       37 |
|       36 |
|          |
|       41 |
|          |
|       41 |
|          |
|       41 |
|       41 |
|       37 |
|          |
|       36 |
|       38 |
|       37 |
|       41 |
|       37 |
|          |
|       36 |
|       38 |
|       41 |
|       36 |
|       38 |
|       37 |
|          |
|       36 |
|       37 |
|       42 |
|       38 |
|          |
|          |
|          |
+----------+
(33 rows)


students=> SELECT s.major_id FROM students AS s FULL JOIN majors AS m USING(major_id);
      
+----------+
| major_id |
+----------+
|       36 |
|          |
|       37 |
|       36 |
|          |
|       41 |
|          |
|       41 |
|          |
|       41 |
|       41 |
|       37 |
|          |
|       36 |
|       38 |
|       37 |
|       41 |
|       37 |
|          |
|       36 |
|       38 |
|       41 |
|       36 |
|       38 |
|       37 |
|          |
|       36 |
|       37 |
|       42 |
|       38 |
|          |
|          |
|          |
+----------+
(33 rows)

students=> SELECT * FROM students FULL JOIN majors USING(major_id);
students=>                                            
+----------+------------+------------+--------------+-----+-------------------------+
| major_id | student_id | first_name |  last_name   | gpa |          major          |
+----------+------------+------------+--------------+-----+-------------------------+
|       36 |          6 | Rhea       | Kellems      | 2.5 | Database Administration |
|          |          7 | Emma       | Gilbert      |     |                         |
|       37 |          8 | Kimberly   | Whitley      | 3.8 | Web Development         |
|       36 |          9 | Jimmy      | Felipe       | 3.7 | Database Administration |
|          |         10 | Kyle       | Stimson      | 2.8 |                         |
|       41 |         11 | Casares    | Hijo         | 4.0 | Game Design             |
|          |         12 | Noe        | Savage       | 3.6 |                         |
|       41 |         13 | Sterling   | Boss         | 3.9 | Game Design             |
|          |         14 | Brian      | Davis        | 2.3 |                         |
|       41 |         15 | Kaija      | Uronen       | 3.7 | Game Design             |
|       41 |         16 | Faye       | Conn         | 2.1 | Game Design             |
|       37 |         17 | Efren      | Reilly       | 3.9 | Web Development         |
|          |         18 | Danh       | Nhung        | 2.4 |                         |
|       36 |         19 | Maxine     | Hagenes      | 2.9 | Database Administration |
|       38 |         20 | Larry      | Saunders     | 2.2 | Data Science            |
|       37 |         21 | Karl       | Kuhar        |     | Web Development         |
|       41 |         22 | Lieke      | Hazenveld    | 3.5 | Game Design             |
|       37 |         23 | Obie       | Hilpert      |     | Web Development         |
|          |         24 | Peter      | Booysen      | 2.9 |                         |
|       36 |         25 | Nathan     | Turner       | 3.3 | Database Administration |
|       38 |         26 | Gerald     | Osiki        | 2.2 | Data Science            |
|       41 |         27 | Vanya      | Hassanah     | 4.0 | Game Design             |
|       36 |         28 | Roxelana   | Florescu     | 3.2 | Database Administration |
|       38 |         29 | Helene     | Parker       | 3.4 | Data Science            |
|       37 |         30 | Mariana    | Russel       | 1.8 | Web Development         |
|          |         31 | Ajit       | Dhungel      | 3.0 |                         |
|       36 |         32 | Mehdi      | Vandenberghe | 1.9 | Database Administration |
|       37 |         33 | Dejon      | Howell       | 4.0 | Web Development         |
|       42 |         34 | Aliya      | Gulgowski    | 2.6 | System Administration   |
|       38 |         35 | Ana        | Tupajic      | 3.1 | Data Science            |
|          |         36 | Hugo       | Duran        | 3.8 |                         |
|       39 |            |            |              |     | Network Engineering     |
|       40 |            |            |              |     | Computer Programming    |
+----------+------------+------------+--------------+-----+-------------------------+
(33 rows)


students=> SELECT * FROM students FULL JOIN majors USING(major_id) FULL JOIN majors_courses USING(major_id);
                                                 
+----------+------------+------------+--------------+-----+-------------------------+-----------+
| major_id | student_id | first_name |  last_name   | gpa |          major          | course_id |
+----------+------------+------------+--------------+-----+-------------------------+-----------+
|       36 |          6 | Rhea       | Kellems      | 2.5 | Database Administration |        30 |
|       36 |          6 | Rhea       | Kellems      | 2.5 | Database Administration |        27 |
|       36 |          6 | Rhea       | Kellems      | 2.5 | Database Administration |        25 |
|       36 |          6 | Rhea       | Kellems      | 2.5 | Database Administration |        23 |
|          |          7 | Emma       | Gilbert      |     |                         |           |
|       37 |          8 | Kimberly   | Whitley      | 3.8 | Web Development         |        30 |
|       37 |          8 | Kimberly   | Whitley      | 3.8 | Web Development         |        33 |
|       37 |          8 | Kimberly   | Whitley      | 3.8 | Web Development         |        23 |
|       37 |          8 | Kimberly   | Whitley      | 3.8 | Web Development         |        24 |
|       36 |          9 | Jimmy      | Felipe       | 3.7 | Database Administration |        30 |
|       36 |          9 | Jimmy      | Felipe       | 3.7 | Database Administration |        27 |
|       36 |          9 | Jimmy      | Felipe       | 3.7 | Database Administration |        25 |
|       36 |          9 | Jimmy      | Felipe       | 3.7 | Database Administration |        23 |
|          |         10 | Kyle       | Stimson      | 2.8 |                         |           |
|       41 |         11 | Casares    | Hijo         | 4.0 | Game Design             |        36 |
|       41 |         11 | Casares    | Hijo         | 4.0 | Game Design             |        35 |
|       41 |         11 | Casares    | Hijo         | 4.0 | Game Design             |        34 |
|       41 |         11 | Casares    | Hijo         | 4.0 | Game Design             |        31 |
|          |         12 | Noe        | Savage       | 3.6 |                         |           |
|       41 |         13 | Sterling   | Boss         | 3.9 | Game Design             |        36 |
|       41 |         13 | Sterling   | Boss         | 3.9 | Game Design             |        35 |
|       41 |         13 | Sterling   | Boss         | 3.9 | Game Design             |        34 |
|       41 |         13 | Sterling   | Boss         | 3.9 | Game Design             |        31 |
|          |         14 | Brian      | Davis        | 2.3 |                         |           |
|       41 |         15 | Kaija      | Uronen       | 3.7 | Game Design             |        36 |
|       41 |         15 | Kaija      | Uronen       | 3.7 | Game Design             |        35 |
|       41 |         15 | Kaija      | Uronen       | 3.7 | Game Design             |        34 |
|       41 |         15 | Kaija      | Uronen       | 3.7 | Game Design             |        31 |
|       41 |         16 | Faye       | Conn         | 2.1 | Game Design             |        36 |
|       41 |         16 | Faye       | Conn         | 2.1 | Game Design             |        35 |
|       41 |         16 | Faye       | Conn         | 2.1 | Game Design             |        34 |
|       41 |         16 | Faye       | Conn         | 2.1 | Game Design             |        31 |
|       37 |         17 | Efren      | Reilly       | 3.9 | Web Development         |        30 |
|       37 |         17 | Efren      | Reilly       | 3.9 | Web Development         |        33 |
|       37 |         17 | Efren      | Reilly       | 3.9 | Web Development         |        23 |
|       37 |         17 | Efren      | Reilly       | 3.9 | Web Development         |        24 |
|          |         18 | Danh       | Nhung        | 2.4 |                         |           |
|       36 |         19 | Maxine     | Hagenes      | 2.9 | Database Administration |        30 |
|       36 |         19 | Maxine     | Hagenes      | 2.9 | Database Administration |        27 |
|       36 |         19 | Maxine     | Hagenes      | 2.9 | Database Administration |        25 |
|       36 |         19 | Maxine     | Hagenes      | 2.9 | Database Administration |        23 |
|       38 |         20 | Larry      | Saunders     | 2.2 | Data Science            |        34 |
|       38 |         20 | Larry      | Saunders     | 2.2 | Data Science            |        32 |
|       38 |         20 | Larry      | Saunders     | 2.2 | Data Science            |        28 |
|       38 |         20 | Larry      | Saunders     | 2.2 | Data Science            |        23 |
|       37 |         21 | Karl       | Kuhar        |     | Web Development         |        30 |
|       37 |         21 | Karl       | Kuhar        |     | Web Development         |        33 |
|       37 |         21 | Karl       | Kuhar        |     | Web Development         |        23 |
|       37 |         21 | Karl       | Kuhar        |     | Web Development         |        24 |
|       41 |         22 | Lieke      | Hazenveld    | 3.5 | Game Design             |        36 |
|       41 |         22 | Lieke      | Hazenveld    | 3.5 | Game Design             |        35 |
|       41 |         22 | Lieke      | Hazenveld    | 3.5 | Game Design             |        34 |
|       41 |         22 | Lieke      | Hazenveld    | 3.5 | Game Design             |        31 |
|       37 |         23 | Obie       | Hilpert      |     | Web Development         |        30 |
|       37 |         23 | Obie       | Hilpert      |     | Web Development         |        33 |
|       37 |         23 | Obie       | Hilpert      |     | Web Development         |        23 |
|       37 |         23 | Obie       | Hilpert      |     | Web Development         |        24 |
|          |         24 | Peter      | Booysen      | 2.9 |                         |           |
|       36 |         25 | Nathan     | Turner       | 3.3 | Database Administration |        30 |
|       36 |         25 | Nathan     | Turner       | 3.3 | Database Administration |        27 |
|       36 |         25 | Nathan     | Turner       | 3.3 | Database Administration |        25 |
|       36 |         25 | Nathan     | Turner       | 3.3 | Database Administration |        23 |
|       38 |         26 | Gerald     | Osiki        | 2.2 | Data Science            |        34 |
|       38 |         26 | Gerald     | Osiki        | 2.2 | Data Science            |        32 |
|       38 |         26 | Gerald     | Osiki        | 2.2 | Data Science            |        28 |
|       38 |         26 | Gerald     | Osiki        | 2.2 | Data Science            |        23 |
|       41 |         27 | Vanya      | Hassanah     | 4.0 | Game Design             |        36 |
|       41 |         27 | Vanya      | Hassanah     | 4.0 | Game Design             |        35 |
|       41 |         27 | Vanya      | Hassanah     | 4.0 | Game Design             |        34 |
|       41 |         27 | Vanya      | Hassanah     | 4.0 | Game Design             |        31 |
|       36 |         28 | Roxelana   | Florescu     | 3.2 | Database Administration |        30 |
|       36 |         28 | Roxelana   | Florescu     | 3.2 | Database Administration |        27 |
|       36 |         28 | Roxelana   | Florescu     | 3.2 | Database Administration |        25 |
|       36 |         28 | Roxelana   | Florescu     | 3.2 | Database Administration |        23 |
|       38 |         29 | Helene     | Parker       | 3.4 | Data Science            |        34 |
|       38 |         29 | Helene     | Parker       | 3.4 | Data Science            |        32 |
|       38 |         29 | Helene     | Parker       | 3.4 | Data Science            |        28 |
|       38 |         29 | Helene     | Parker       | 3.4 | Data Science            |        23 |
|       37 |         30 | Mariana    | Russel       | 1.8 | Web Development         |        30 |
|       37 |         30 | Mariana    | Russel       | 1.8 | Web Development         |        33 |
|       37 |         30 | Mariana    | Russel       | 1.8 | Web Development         |        23 |
|       37 |         30 | Mariana    | Russel       | 1.8 | Web Development         |        24 |
|          |         31 | Ajit       | Dhungel      | 3.0 |                         |           |
|       36 |         32 | Mehdi      | Vandenberghe | 1.9 | Database Administration |        30 |
|       36 |         32 | Mehdi      | Vandenberghe | 1.9 | Database Administration |        27 |
|       36 |         32 | Mehdi      | Vandenberghe | 1.9 | Database Administration |        25 |
|       36 |         32 | Mehdi      | Vandenberghe | 1.9 | Database Administration |        23 |
|       37 |         33 | Dejon      | Howell       | 4.0 | Web Development         |        30 |
|       37 |         33 | Dejon      | Howell       | 4.0 | Web Development         |        33 |
|       37 |         33 | Dejon      | Howell       | 4.0 | Web Development         |        23 |
|       37 |         33 | Dejon      | Howell       | 4.0 | Web Development         |        24 |
|       42 |         34 | Aliya      | Gulgowski    | 2.6 | System Administration   |        38 |
|       42 |         34 | Aliya      | Gulgowski    | 2.6 | System Administration   |        37 |
|       42 |         34 | Aliya      | Gulgowski    | 2.6 | System Administration   |        26 |
|       42 |         34 | Aliya      | Gulgowski    | 2.6 | System Administration   |        29 |
|       38 |         35 | Ana        | Tupajic      | 3.1 | Data Science            |        34 |
|       38 |         35 | Ana        | Tupajic      | 3.1 | Data Science            |        32 |
|       38 |         35 | Ana        | Tupajic      | 3.1 | Data Science            |        28 |
|       38 |         35 | Ana        | Tupajic      | 3.1 | Data Science            |        23 |
|          |         36 | Hugo       | Duran        | 3.8 |                         |           |
|       39 |            |            |              |     | Network Engineering     |        36 |
|       39 |            |            |              |     | Network Engineering     |        39 |
|       39 |            |            |              |     | Network Engineering     |        29 |
|       39 |            |            |              |     | Network Engineering     |        26 |
|       40 |            |            |              |     | Computer Programming    |        32 |
|       40 |            |            |              |     | Computer Programming    |        29 |
|       40 |            |            |              |     | Computer Programming    |        33 |
|       40 |            |            |              |     | Computer Programming    |        26 |
+----------+------------+------------+--------------+-----+-------------------------+-----------+
(108 rows)

students=> SELECT * FROM students FULL JOIN majors USING(major_id) FULL JOIN majors_courses USING(major_id) FULL JOIN courses USING(course_id);
                                                                 
+-----------+----------+------------+------------+--------------+-----+-------------------------+--------------------------------+
| course_id | major_id | student_id | first_name |  last_name   | gpa |          major          |             course             |
+-----------+----------+------------+------------+--------------+-----+-------------------------+--------------------------------+
|        30 |       36 |          6 | Rhea       | Kellems      | 2.5 | Database Administration | Web Applications               |
|        27 |       36 |          6 | Rhea       | Kellems      | 2.5 | Database Administration | SQL                            |
|        25 |       36 |          6 | Rhea       | Kellems      | 2.5 | Database Administration | Database Systems               |
|        23 |       36 |          6 | Rhea       | Kellems      | 2.5 | Database Administration | Data Structures and Algorithms |
|           |          |          7 | Emma       | Gilbert      |     |                         |                                |
|        30 |       37 |          8 | Kimberly   | Whitley      | 3.8 | Web Development         | Web Applications               |
|        33 |       37 |          8 | Kimberly   | Whitley      | 3.8 | Web Development         | Object-Oriented Programming    |
|        23 |       37 |          8 | Kimberly   | Whitley      | 3.8 | Web Development         | Data Structures and Algorithms |
|        24 |       37 |          8 | Kimberly   | Whitley      | 3.8 | Web Development         | Web Programming                |
|        30 |       36 |          9 | Jimmy      | Felipe       | 3.7 | Database Administration | Web Applications               |
|        27 |       36 |          9 | Jimmy      | Felipe       | 3.7 | Database Administration | SQL                            |
|        25 |       36 |          9 | Jimmy      | Felipe       | 3.7 | Database Administration | Database Systems               |
|        23 |       36 |          9 | Jimmy      | Felipe       | 3.7 | Database Administration | Data Structures and Algorithms |
|           |          |         10 | Kyle       | Stimson      | 2.8 |                         |                                |
|        36 |       41 |         11 | Casares    | Hijo         | 4.0 | Game Design             | Algorithms                     |
|        35 |       41 |         11 | Casares    | Hijo         | 4.0 | Game Design             | Game Architecture              |
|        34 |       41 |         11 | Casares    | Hijo         | 4.0 | Game Design             | Calculus                       |
|        31 |       41 |         11 | Casares    | Hijo         | 4.0 | Game Design             | Artificial Intelligence        |
|           |          |         12 | Noe        | Savage       | 3.6 |                         |                                |
|        36 |       41 |         13 | Sterling   | Boss         | 3.9 | Game Design             | Algorithms                     |
|        35 |       41 |         13 | Sterling   | Boss         | 3.9 | Game Design             | Game Architecture              |
|        34 |       41 |         13 | Sterling   | Boss         | 3.9 | Game Design             | Calculus                       |
|        31 |       41 |         13 | Sterling   | Boss         | 3.9 | Game Design             | Artificial Intelligence        |
|           |          |         14 | Brian      | Davis        | 2.3 |                         |                                |
|        36 |       41 |         15 | Kaija      | Uronen       | 3.7 | Game Design             | Algorithms                     |
|        35 |       41 |         15 | Kaija      | Uronen       | 3.7 | Game Design             | Game Architecture              |
|        34 |       41 |         15 | Kaija      | Uronen       | 3.7 | Game Design             | Calculus                       |
|        31 |       41 |         15 | Kaija      | Uronen       | 3.7 | Game Design             | Artificial Intelligence        |
|        36 |       41 |         16 | Faye       | Conn         | 2.1 | Game Design             | Algorithms                     |
|        35 |       41 |         16 | Faye       | Conn         | 2.1 | Game Design             | Game Architecture              |
|        34 |       41 |         16 | Faye       | Conn         | 2.1 | Game Design             | Calculus                       |
|        31 |       41 |         16 | Faye       | Conn         | 2.1 | Game Design             | Artificial Intelligence        |
|        30 |       37 |         17 | Efren      | Reilly       | 3.9 | Web Development         | Web Applications               |
|        33 |       37 |         17 | Efren      | Reilly       | 3.9 | Web Development         | Object-Oriented Programming    |
|        23 |       37 |         17 | Efren      | Reilly       | 3.9 | Web Development         | Data Structures and Algorithms |
|        24 |       37 |         17 | Efren      | Reilly       | 3.9 | Web Development         | Web Programming                |
|           |          |         18 | Danh       | Nhung        | 2.4 |                         |                                |
|        30 |       36 |         19 | Maxine     | Hagenes      | 2.9 | Database Administration | Web Applications               |
|        27 |       36 |         19 | Maxine     | Hagenes      | 2.9 | Database Administration | SQL                            |
|        25 |       36 |         19 | Maxine     | Hagenes      | 2.9 | Database Administration | Database Systems               |
|        23 |       36 |         19 | Maxine     | Hagenes      | 2.9 | Database Administration | Data Structures and Algorithms |
|        34 |       38 |         20 | Larry      | Saunders     | 2.2 | Data Science            | Calculus                       |
|        32 |       38 |         20 | Larry      | Saunders     | 2.2 | Data Science            | Python                         |
|        28 |       38 |         20 | Larry      | Saunders     | 2.2 | Data Science            | Machine Learning               |
|        23 |       38 |         20 | Larry      | Saunders     | 2.2 | Data Science            | Data Structures and Algorithms |
|        30 |       37 |         21 | Karl       | Kuhar        |     | Web Development         | Web Applications               |
|        33 |       37 |         21 | Karl       | Kuhar        |     | Web Development         | Object-Oriented Programming    |
|        23 |       37 |         21 | Karl       | Kuhar        |     | Web Development         | Data Structures and Algorithms |
|        24 |       37 |         21 | Karl       | Kuhar        |     | Web Development         | Web Programming                |
|        36 |       41 |         22 | Lieke      | Hazenveld    | 3.5 | Game Design             | Algorithms                     |
|        35 |       41 |         22 | Lieke      | Hazenveld    | 3.5 | Game Design             | Game Architecture              |
|        34 |       41 |         22 | Lieke      | Hazenveld    | 3.5 | Game Design             | Calculus                       |
|        31 |       41 |         22 | Lieke      | Hazenveld    | 3.5 | Game Design             | Artificial Intelligence        |
|        30 |       37 |         23 | Obie       | Hilpert      |     | Web Development         | Web Applications               |
|        33 |       37 |         23 | Obie       | Hilpert      |     | Web Development         | Object-Oriented Programming    |
|        23 |       37 |         23 | Obie       | Hilpert      |     | Web Development         | Data Structures and Algorithms |
|        24 |       37 |         23 | Obie       | Hilpert      |     | Web Development         | Web Programming                |
|           |          |         24 | Peter      | Booysen      | 2.9 |                         |                                |
|        30 |       36 |         25 | Nathan     | Turner       | 3.3 | Database Administration | Web Applications               |
|        27 |       36 |         25 | Nathan     | Turner       | 3.3 | Database Administration | SQL                            |
|        25 |       36 |         25 | Nathan     | Turner       | 3.3 | Database Administration | Database Systems               |
|        23 |       36 |         25 | Nathan     | Turner       | 3.3 | Database Administration | Data Structures and Algorithms |
|        34 |       38 |         26 | Gerald     | Osiki        | 2.2 | Data Science            | Calculus                       |
|        32 |       38 |         26 | Gerald     | Osiki        | 2.2 | Data Science            | Python                         |
|        28 |       38 |         26 | Gerald     | Osiki        | 2.2 | Data Science            | Machine Learning               |
|        23 |       38 |         26 | Gerald     | Osiki        | 2.2 | Data Science            | Data Structures and Algorithms |
|        36 |       41 |         27 | Vanya      | Hassanah     | 4.0 | Game Design             | Algorithms                     |
|        35 |       41 |         27 | Vanya      | Hassanah     | 4.0 | Game Design             | Game Architecture              |
|        34 |       41 |         27 | Vanya      | Hassanah     | 4.0 | Game Design             | Calculus                       |
|        31 |       41 |         27 | Vanya      | Hassanah     | 4.0 | Game Design             | Artificial Intelligence        |
|        30 |       36 |         28 | Roxelana   | Florescu     | 3.2 | Database Administration | Web Applications               |
|        27 |       36 |         28 | Roxelana   | Florescu     | 3.2 | Database Administration | SQL                            |
|        25 |       36 |         28 | Roxelana   | Florescu     | 3.2 | Database Administration | Database Systems               |
|        23 |       36 |         28 | Roxelana   | Florescu     | 3.2 | Database Administration | Data Structures and Algorithms |
|        34 |       38 |         29 | Helene     | Parker       | 3.4 | Data Science            | Calculus                       |
|        32 |       38 |         29 | Helene     | Parker       | 3.4 | Data Science            | Python                         |
|        28 |       38 |         29 | Helene     | Parker       | 3.4 | Data Science            | Machine Learning               |
|        23 |       38 |         29 | Helene     | Parker       | 3.4 | Data Science            | Data Structures and Algorithms |
|        30 |       37 |         30 | Mariana    | Russel       | 1.8 | Web Development         | Web Applications               |
|        33 |       37 |         30 | Mariana    | Russel       | 1.8 | Web Development         | Object-Oriented Programming    |
|        23 |       37 |         30 | Mariana    | Russel       | 1.8 | Web Development         | Data Structures and Algorithms |
|        24 |       37 |         30 | Mariana    | Russel       | 1.8 | Web Development         | Web Programming                |
|           |          |         31 | Ajit       | Dhungel      | 3.0 |                         |                                |
|        30 |       36 |         32 | Mehdi      | Vandenberghe | 1.9 | Database Administration | Web Applications               |
|        27 |       36 |         32 | Mehdi      | Vandenberghe | 1.9 | Database Administration | SQL                            |
|        25 |       36 |         32 | Mehdi      | Vandenberghe | 1.9 | Database Administration | Database Systems               |
|        23 |       36 |         32 | Mehdi      | Vandenberghe | 1.9 | Database Administration | Data Structures and Algorithms |
|        30 |       37 |         33 | Dejon      | Howell       | 4.0 | Web Development         | Web Applications               |
|        33 |       37 |         33 | Dejon      | Howell       | 4.0 | Web Development         | Object-Oriented Programming    |
|        23 |       37 |         33 | Dejon      | Howell       | 4.0 | Web Development         | Data Structures and Algorithms |
|        24 |       37 |         33 | Dejon      | Howell       | 4.0 | Web Development         | Web Programming                |
|        38 |       42 |         34 | Aliya      | Gulgowski    | 2.6 | System Administration   | Server Administration          |
|        37 |       42 |         34 | Aliya      | Gulgowski    | 2.6 | System Administration   | UNIX                           |
|        26 |       42 |         34 | Aliya      | Gulgowski    | 2.6 | System Administration   | Computer Networks              |
|        29 |       42 |         34 | Aliya      | Gulgowski    | 2.6 | System Administration   | Computer Systems               |
|        34 |       38 |         35 | Ana        | Tupajic      | 3.1 | Data Science            | Calculus                       |
|        32 |       38 |         35 | Ana        | Tupajic      | 3.1 | Data Science            | Python                         |
|        28 |       38 |         35 | Ana        | Tupajic      | 3.1 | Data Science            | Machine Learning               |
|        23 |       38 |         35 | Ana        | Tupajic      | 3.1 | Data Science            | Data Structures and Algorithms |
|           |          |         36 | Hugo       | Duran        | 3.8 |                         |                                |
|        36 |       39 |            |            |              |     | Network Engineering     | Algorithms                     |
|        39 |       39 |            |            |              |     | Network Engineering     | Network Security               |
|        29 |       39 |            |            |              |     | Network Engineering     | Computer Systems               |
|        26 |       39 |            |            |              |     | Network Engineering     | Computer Networks              |
|        32 |       40 |            |            |              |     | Computer Programming    | Python                         |
|        29 |       40 |            |            |              |     | Computer Programming    | Computer Systems               |
|        33 |       40 |            |            |              |     | Computer Programming    | Object-Oriented Programming    |
|        26 |       40 |            |            |              |     | Computer Programming    | Computer Networks              |
+-----------+----------+------------+------------+--------------+-----+-------------------------+--------------------------------+
(108 rows)


camper: /project$ psql --username=freecodecamp --dbname=postgres
Border style is 2.
Title is " ".
Pager usage is off.
psql (12.17 (Ubuntu 12.17-1.pgdg22.04+1))
SSL connection (protocol: TLSv1.3, cipher: TLS_AES_256_GCM_SHA384, bits: 256, compression: off)
Type "help" for help.

postgres=> \c students
SSL connection (protocol: TLSv1.3, cipher: TLS_AES_256_GCM_SHA384, bits: 256, compression: off)
You are now connected to database "students" as user "freecodecamp".
students=> SELECT * FROM students FULL JOIN majors USING(major_id) FULL JOIN majors_courses USING(major_id) FULL JOIN courses USING(course_id);
                                                                 
+-----------+----------+------------+------------+--------------+-----+-------------------------+--------------------------------+
| course_id | major_id | student_id | first_name |  last_name   | gpa |          major          |             course             |
+-----------+----------+------------+------------+--------------+-----+-------------------------+--------------------------------+
|        30 |       36 |          6 | Rhea       | Kellems      | 2.5 | Database Administration | Web Applications               |
|        27 |       36 |          6 | Rhea       | Kellems      | 2.5 | Database Administration | SQL                            |
|        25 |       36 |          6 | Rhea       | Kellems      | 2.5 | Database Administration | Database Systems               |
|        23 |       36 |          6 | Rhea       | Kellems      | 2.5 | Database Administration | Data Structures and Algorithms |
|           |          |          7 | Emma       | Gilbert      |     |                         |                                |
|        30 |       37 |          8 | Kimberly   | Whitley      | 3.8 | Web Development         | Web Applications               |
|        33 |       37 |          8 | Kimberly   | Whitley      | 3.8 | Web Development         | Object-Oriented Programming    |
|        23 |       37 |          8 | Kimberly   | Whitley      | 3.8 | Web Development         | Data Structures and Algorithms |
|        24 |       37 |          8 | Kimberly   | Whitley      | 3.8 | Web Development         | Web Programming                |
|        30 |       36 |          9 | Jimmy      | Felipe       | 3.7 | Database Administration | Web Applications               |
|        27 |       36 |          9 | Jimmy      | Felipe       | 3.7 | Database Administration | SQL                            |
|        25 |       36 |          9 | Jimmy      | Felipe       | 3.7 | Database Administration | Database Systems               |
|        23 |       36 |          9 | Jimmy      | Felipe       | 3.7 | Database Administration | Data Structures and Algorithms |
|           |          |         10 | Kyle       | Stimson      | 2.8 |                         |                                |
|        36 |       41 |         11 | Casares    | Hijo         | 4.0 | Game Design             | Algorithms                     |
|        35 |       41 |         11 | Casares    | Hijo         | 4.0 | Game Design             | Game Architecture              |
|        34 |       41 |         11 | Casares    | Hijo         | 4.0 | Game Design             | Calculus                       |
|        31 |       41 |         11 | Casares    | Hijo         | 4.0 | Game Design             | Artificial Intelligence        |
|           |          |         12 | Noe        | Savage       | 3.6 |                         |                                |
|        36 |       41 |         13 | Sterling   | Boss         | 3.9 | Game Design             | Algorithms                     |
|        35 |       41 |         13 | Sterling   | Boss         | 3.9 | Game Design             | Game Architecture              |
|        34 |       41 |         13 | Sterling   | Boss         | 3.9 | Game Design             | Calculus                       |
|        31 |       41 |         13 | Sterling   | Boss         | 3.9 | Game Design             | Artificial Intelligence        |
|           |          |         14 | Brian      | Davis        | 2.3 |                         |                                |
|        36 |       41 |         15 | Kaija      | Uronen       | 3.7 | Game Design             | Algorithms                     |
|        35 |       41 |         15 | Kaija      | Uronen       | 3.7 | Game Design             | Game Architecture              |
|        34 |       41 |         15 | Kaija      | Uronen       | 3.7 | Game Design             | Calculus                       |
|        31 |       41 |         15 | Kaija      | Uronen       | 3.7 | Game Design             | Artificial Intelligence        |
|        36 |       41 |         16 | Faye       | Conn         | 2.1 | Game Design             | Algorithms                     |
|        35 |       41 |         16 | Faye       | Conn         | 2.1 | Game Design             | Game Architecture              |
|        34 |       41 |         16 | Faye       | Conn         | 2.1 | Game Design             | Calculus                       |
|        31 |       41 |         16 | Faye       | Conn         | 2.1 | Game Design             | Artificial Intelligence        |
|        30 |       37 |         17 | Efren      | Reilly       | 3.9 | Web Development         | Web Applications               |
|        33 |       37 |         17 | Efren      | Reilly       | 3.9 | Web Development         | Object-Oriented Programming    |
|        23 |       37 |         17 | Efren      | Reilly       | 3.9 | Web Development         | Data Structures and Algorithms |
|        24 |       37 |         17 | Efren      | Reilly       | 3.9 | Web Development         | Web Programming                |
|           |          |         18 | Danh       | Nhung        | 2.4 |                         |                                |
|        30 |       36 |         19 | Maxine     | Hagenes      | 2.9 | Database Administration | Web Applications               |
|        27 |       36 |         19 | Maxine     | Hagenes      | 2.9 | Database Administration | SQL                            |
|        25 |       36 |         19 | Maxine     | Hagenes      | 2.9 | Database Administration | Database Systems               |
|        23 |       36 |         19 | Maxine     | Hagenes      | 2.9 | Database Administration | Data Structures and Algorithms |
|        34 |       38 |         20 | Larry      | Saunders     | 2.2 | Data Science            | Calculus                       |
|        32 |       38 |         20 | Larry      | Saunders     | 2.2 | Data Science            | Python                         |
|        28 |       38 |         20 | Larry      | Saunders     | 2.2 | Data Science            | Machine Learning               |
|        23 |       38 |         20 | Larry      | Saunders     | 2.2 | Data Science            | Data Structures and Algorithms |
|        30 |       37 |         21 | Karl       | Kuhar        |     | Web Development         | Web Applications               |
|        33 |       37 |         21 | Karl       | Kuhar        |     | Web Development         | Object-Oriented Programming    |
|        23 |       37 |         21 | Karl       | Kuhar        |     | Web Development         | Data Structures and Algorithms |
|        24 |       37 |         21 | Karl       | Kuhar        |     | Web Development         | Web Programming                |
|        36 |       41 |         22 | Lieke      | Hazenveld    | 3.5 | Game Design             | Algorithms                     |
|        35 |       41 |         22 | Lieke      | Hazenveld    | 3.5 | Game Design             | Game Architecture              |
|        34 |       41 |         22 | Lieke      | Hazenveld    | 3.5 | Game Design             | Calculus                       |
|        31 |       41 |         22 | Lieke      | Hazenveld    | 3.5 | Game Design             | Artificial Intelligence        |
|        30 |       37 |         23 | Obie       | Hilpert      |     | Web Development         | Web Applications               |
|        33 |       37 |         23 | Obie       | Hilpert      |     | Web Development         | Object-Oriented Programming    |
|        23 |       37 |         23 | Obie       | Hilpert      |     | Web Development         | Data Structures and Algorithms |
|        24 |       37 |         23 | Obie       | Hilpert      |     | Web Development         | Web Programming                |
|           |          |         24 | Peter      | Booysen      | 2.9 |                         |                                |
|        30 |       36 |         25 | Nathan     | Turner       | 3.3 | Database Administration | Web Applications               |
|        27 |       36 |         25 | Nathan     | Turner       | 3.3 | Database Administration | SQL                            |
|        25 |       36 |         25 | Nathan     | Turner       | 3.3 | Database Administration | Database Systems               |
|        23 |       36 |         25 | Nathan     | Turner       | 3.3 | Database Administration | Data Structures and Algorithms |
|        34 |       38 |         26 | Gerald     | Osiki        | 2.2 | Data Science            | Calculus                       |
|        32 |       38 |         26 | Gerald     | Osiki        | 2.2 | Data Science            | Python                         |
|        28 |       38 |         26 | Gerald     | Osiki        | 2.2 | Data Science            | Machine Learning               |
|        23 |       38 |         26 | Gerald     | Osiki        | 2.2 | Data Science            | Data Structures and Algorithms |
|        36 |       41 |         27 | Vanya      | Hassanah     | 4.0 | Game Design             | Algorithms                     |
|        35 |       41 |         27 | Vanya      | Hassanah     | 4.0 | Game Design             | Game Architecture              |
|        34 |       41 |         27 | Vanya      | Hassanah     | 4.0 | Game Design             | Calculus                       |
|        31 |       41 |         27 | Vanya      | Hassanah     | 4.0 | Game Design             | Artificial Intelligence        |
|        30 |       36 |         28 | Roxelana   | Florescu     | 3.2 | Database Administration | Web Applications               |
|        27 |       36 |         28 | Roxelana   | Florescu     | 3.2 | Database Administration | SQL                            |
|        25 |       36 |         28 | Roxelana   | Florescu     | 3.2 | Database Administration | Database Systems               |
|        23 |       36 |         28 | Roxelana   | Florescu     | 3.2 | Database Administration | Data Structures and Algorithms |
|        34 |       38 |         29 | Helene     | Parker       | 3.4 | Data Science            | Calculus                       |
|        32 |       38 |         29 | Helene     | Parker       | 3.4 | Data Science            | Python                         |
|        28 |       38 |         29 | Helene     | Parker       | 3.4 | Data Science            | Machine Learning               |
|        23 |       38 |         29 | Helene     | Parker       | 3.4 | Data Science            | Data Structures and Algorithms |
|        30 |       37 |         30 | Mariana    | Russel       | 1.8 | Web Development         | Web Applications               |
|        33 |       37 |         30 | Mariana    | Russel       | 1.8 | Web Development         | Object-Oriented Programming    |
|        23 |       37 |         30 | Mariana    | Russel       | 1.8 | Web Development         | Data Structures and Algorithms |
|        24 |       37 |         30 | Mariana    | Russel       | 1.8 | Web Development         | Web Programming                |
|           |          |         31 | Ajit       | Dhungel      | 3.0 |                         |                                |
|        30 |       36 |         32 | Mehdi      | Vandenberghe | 1.9 | Database Administration | Web Applications               |
|        27 |       36 |         32 | Mehdi      | Vandenberghe | 1.9 | Database Administration | SQL                            |
|        25 |       36 |         32 | Mehdi      | Vandenberghe | 1.9 | Database Administration | Database Systems               |
|        23 |       36 |         32 | Mehdi      | Vandenberghe | 1.9 | Database Administration | Data Structures and Algorithms |
|        30 |       37 |         33 | Dejon      | Howell       | 4.0 | Web Development         | Web Applications               |
|        33 |       37 |         33 | Dejon      | Howell       | 4.0 | Web Development         | Object-Oriented Programming    |
|        23 |       37 |         33 | Dejon      | Howell       | 4.0 | Web Development         | Data Structures and Algorithms |
|        24 |       37 |         33 | Dstudents=> ejon      | Howell       | 4.0 | Web Development         | Web Programming                |
|        38 |       42 |         34 | Aliya      | Gulgowski    | 2.6 | System Administration   | Server Administration          |
|        37 |       42 |         34 | Aliya      | Gulgowski    | 2.6 | System Administration   | UNIX                           |
|        26 |       42 |         34 | Aliya      | Gulgowski    | 2.6 | System Administration   | Computer Networks              |
|        29 |       42 |         34 | Aliya      | Gulgowski    | 2.6 | System Administration   | Computer Systems               |
|        34 |       38 |         35 | Ana        | Tupajic      | 3.1 | Data Science            | Calculus                       |
|        32 |       38 |         35 | Ana        | Tupajic      | 3.1 | Data Science            | Python                         |
|        28 |       38 |         35 | Ana        | Tupajic      | 3.1 | Data Science            | Machine Learning               |
|        23 |       38 |         35 | Ana        | Tupajic      | 3.1 | Data Science            | Data Structures and Algorithms |
|           |          |         36 | Hugo       | Duran        | 3.8 |                         |                                |
|        36 |       39 |            |            |              |     | Network Engineering     | Algorithms                     |
|        39 |       39 |            |            |              |     | Network Engineering     | Network Security               |
|        29 |       39 |            |            |              |     | Network Engineering     | Computer Systems               |
|        26 |       39 |            |            |              |     | Network Engineering     | Computer Networks              |
|        32 |       40 |            |            |              |     | Computer Programming    | Python                         |
|        29 |       40 |            |            |              |     | Computer Programming    | Computer Systems               |
|        33 |       40 |            |            |              |     | Computer Programming    | Object-Oriented Programming    |
|        26 |       40 |            |            |              |     | Computer Programming    | Computer Networks              |
+-----------+----------+------------+------------+--------------+-----+-------------------------+--------------------------------+
(108 rows)

SELECT course FROM students FULL JOIN majors USING(major_id) FULL JOIN majors_courses USING(major_id) FULL JOIN courses USING(course_id)
students-> ;
students=>                  
+--------------------------------+
|             course             |
+--------------------------------+
| Web Applications               |
| SQL                            |
| Database Systems               |
| Data Structures and Algorithms |
|                                |
| Web Applications               |
| Object-Oriented Programming    |
| Data Structures and Algorithms |
| Web Programming                |
| Web Applications               |
| SQL                            |
| Database Systems               |
| Data Structures and Algorithms |
|                                |
| Algorithms                     |
| Game Architecture              |
| Calculus                       |
| Artificial Intelligence        |
|                                |
| Algorithms                     |
| Game Architecture              |
| Calculus                       |
| Artificial Intelligence        |
|                                |
| Algorithms                     |
| Game Architecture              |
| Calculus                       |
| Artificial Intelligence        |
| Algorithms                     |
| Game Architecture              |
| Calculus                       |
| Artificial Intelligence        |
| Web Applications               |
| Object-Oriented Programming    |
| Data Structures and Algorithms |
| Web Programming                |
|                                |
| Web Applications               |
| SQL                            |
| Database Systems               |
| Data Structures and Algorithms |
| Calculus                       |
| Python                         |
| Machine Learning               |
| Data Structures and Algorithms |
| Web Applications               |
| Object-Oriented Programming    |
| Data Structures and Algorithms |
| Web Programming                |
| Algorithms                     |
| Game Architecture              |
| Calculus                       |
| Artificial Intelligence        |
| Web Applications               |
| Object-Oriented Programming    |
| Data Structures and Algorithms |
| Web Programming                |
|                                |
| Web Applications               |
| SQL                            |
| Database Systems               |
| Data Structures and Algorithms |
| Calculus                       |
| Python                         |
| Machine Learning               |
| Data Structures and Algorithms |
| Algorithms                     |
| Game Architecture              |
| Calculus                       |
| Artificial Intelligence        |
| Web Applications               |
| SQL                            |
| Database Systems               |
| Data Structures and Algorithms |
| Calculus                       |
| Python                         |
| Machine Learning               |
| Data Structures and Algorithms |
| Web Applications               |
| Object-Oriented Programming    |
| Data Structures and Algorithms |
| Web Programming                |
|                                |
| Web Applications               |
| SQL                            |
| Database Systems               |
| Data Structures and Algorithms |
| Web Applications               |
| Object-Oriented Programming    |
| Data Structures and Algorithms |
| Web Programming                |
| Server Administration          |
| UNIX                           |
| Computer Networks              |
| Computer Systems               |
| Calculus                       |
| Python                         |
| Machine Learning               |
| Data Structures and Algorithms |
|                                |
| Algorithms                     |
| Network Security               |
| Computer Systems               |
| Computer Networks              |
| Python                         |
| Computer Systems               |
| Object-Oriented Programming    |
| Computer Networks              |
+--------------------------------+
(108 rows)


students=> SELECT DISTINCT(course) FROM students FULL JOIN majors USING(major_id) FULL JOIN majors_courses USING(major_id) FULL JOIN courses
USING(course_id)
;
students-> ;
students=>                  
+--------------------------------+
|             course             |
+--------------------------------+
|                                |
| Object-Oriented Programming    |
| Data Structures and Algorithms |
| Algorithms                     |
| Artificial Intelligence        |
| UNIX                           |
| Game Architecture              |
| Python                         |
| SQL                            |
| Server Administration          |
| Network Security               |
| Machine Learning               |
| Calculus                       |
| Web Applications               |
| Computer Networks              |
| Web Programming                |
| Computer Systems               |
| Database Systems               |
+--------------------------------+
(18 rows)

SELECT * FR
students=> ;
students=> SELECT * FROM students
students-> ;
students=>                               
+------------+------------+--------------+----------+-----+
| student_id | first_name |  last_name   | major_id | gpa |
+------------+------------+--------------+----------+-----+
|          6 | Rhea       | Kellems      |       36 | 2.5 |
|          7 | Emma       | Gilbert      |          |     |
|          8 | Kimberly   | Whitley      |       37 | 3.8 |
|          9 | Jimmy      | Felipe       |       36 | 3.7 |
|         10 | Kyle       | Stimson      |          | 2.8 |
|         11 | Casares    | Hijo         |       41 | 4.0 |
|         12 | Noe        | Savage       |          | 3.6 |
|         13 | Sterling   | Boss         |       41 | 3.9 |
|         14 | Brian      | Davis        |          | 2.3 |
|         15 | Kaija      | Uronen       |       41 | 3.7 |
|         16 | Faye       | Conn         |       41 | 2.1 |
|         17 | Efren      | Reilly       |       37 | 3.9 |
|         18 | Danh       | Nhung        |          | 2.4 |
|         19 | Maxine     | Hagenes      |       36 | 2.9 |
|         20 | Larry      | Saunders     |       38 | 2.2 |
|         21 | Karl       | Kuhar        |       37 |     |
|         22 | Lieke      | Hazenveld    |       41 | 3.5 |
|         23 | Obie       | Hilpert      |       37 |     |
|         24 | Peter      | Booysen      |          | 2.9 |
|         25 | Nathan     | Turner       |       36 | 3.3 |
|         26 | Gerald     | Osiki        |       38 | 2.2 |
|         27 | Vanya      | Hassanah     |       41 | 4.0 |
|         28 | Roxelana   | Florescu     |       36 | 3.2 |
|         29 | Helene     | Parker       |       38 | 3.4 |
|         30 | Mariana    | Russel       |       37 | 1.8 |
|         31 | Ajit       | Dhungel      |          | 3.0 |
|         32 | Mehdi      | Vandenberghe |       36 | 1.9 |
|         33 | Dejon      | Howell       |       37 | 4.0 |
|         34 | Aliya      | Gulgowski    |       42 | 2.6 |
|         35 | Ana        | Tupajic      |       38 | 3.1 |
|         36 | Hugo       | Duran        |          | 3.8 |
+------------+------------+--------------+----------+-----+
(31 rows)

SELECT DISTINCT(course) FROM students FULL JOIN majors USING(major_id) FULL JOIN majors_courses USING(major_id) FULL JOIN courses USING(course_id) WHERE student_id IS NULL OR (first_name = 'Obie' AND last_name = 'Hilpert') ORDER BY course DESC
students-> ;
                 
+--------------------------------+
|             course             |
+--------------------------------+
| Web Programming                |
| Web Applications               |
| Python                         |
| Object-Oriented Programming    |
| Network Security               |
| Data Structures and Algorithms |
| Computer Systems               |
| Computer Networks              |
| Algorithms                     |
+--------------------------------+
(9 rows)

students=> SELECT DISTINCT(course) FROM students RIGHT JOIN majors USING(major_id) INNER JOIN majors_courses USING(major_id) INNER JOIN courses USING(course_id) WHERE (first_name = 'Obie' AND last_name = 'Hilpert') OR student_id IS NULL ORDER BY course DESC;
students=>                  
+--------------------------------+
|             course             |
+--------------------------------+
| Web Programming                |
| Web Applications               |
| Python                         |
| Object-Oriented Programming    |
| Network Security               |
| Data Structures and Algorithms |
| Computer Systems               |
| Computer Networks              |
| Algorithms                     |
+--------------------------------+
(9 rows)

SELECT course FROM students RIGHT JOIN majors USING(major_id) INNER JOIN majors_courses USING(major_id) INNER JOIN courses USING(course_id) WHERE COUNT(student_id) = 1 ORDER BY course DESC
students-> ;
ERROR:  aggregate functions are not allowed in WHERE
LINE 1: ...jor_id) INNER JOIN courses USING(course_id) WHERE COUNT(stud...
                                                             ^
students=> ELECT course FROM students RIGHT JOIN majors USING(major_id) INNER JOIN majors_courses USING(major_id) INNER JOIN courses USING(course_id) WHERE student_id IS NOT NULL ORDER BY course DESC
students-> ;
ERROR:  syntax error at or near "ELECT"
LINE 1: ELECT course FROM students RIGHT JOIN majors USING(major_id)...
        ^
students=> SELECT course FROM students RIGHT JOIN majors USING(major_id) INNER JOIN majors_courses USING(major_id) INNER JOIN cour
ses USING(course_id) WHERE student_id IS NOT NULL ORDER BY course DESC
;
students-> ;
                 
+--------------------------------+
|             course             |
+--------------------------------+
| Web Programming                |
| Web Programming                |
| Web Programming                |
| Web Programming                |
| Web Programming                |
| Web Programming                |
| Web Applications               |
| Web Applications               |
| Web Applications               |
| Web Applications               |
| Web Applications               |
| Web Applications               |
| Web Applications               |
| Web Applications               |
| Web Applications               |
| Web Applications               |
| Web Applications               |
| Web Applications               |
| UNIX                           |
| Server Administration          |
| SQL                            |
| SQL                            |
| SQL                            |
| SQL                            |
| SQL                            |
| SQL                            |
| Python                         |
| Python                         |
| Python                         |
| Python                         |
| Object-Oriented Programming    |
| Object-Oriented Programming    |
| Object-Oriented Programming    |
| Object-Oriented Programming    |
| Object-Oriented Programming    |
| Object-Oriented Programming    |
| Machine Learning               |
| Machine Learning               |
| Machine Learning               |
| Machine Learning               |
| Game Architecture              |
| Game Architecture              |
| Game Architecture              |
| Game Architecture              |
| Game Architecture              |
| Game Architecture              |
| Database Systems               |
| Database Systems               |
| Database Systems               |
| Database Systems               |
| Database Systems               |
| Database Systems               |
| Data Structures and Algorithms |
| Data Structures and Algorithms |
| Data Structures and Algorithms |
| Data Structures and Algorithms |
| Data Structures and Algorithms |
| Data Structures and Algorithms |
| Data Structures and Algorithms |
| Data Structures and Algorithms |
| Data Structures and Algorithms |
| Data Structures and Algorithms |
| Data Structures and Algorithms |
| Data Structures and Algorithms |
| Data Structures and Algorithms |
| Data Structures and Algorithms |
| Data Structures and Algorithms |
| Data Structures and Algorithms |
| Computer Systems               |
| Computer Networks              |
| Calculus                       |
| Calculus                       |
| Calculus                       |
| Calculus                       |
| Calculus                       |
| Calculus                       |
| Calculus                       |
| Calculus                       |
| Calculus                       |
| Calculus                       |
| Artificial Intelligence        |
| Artificial Intelligence        |
| Artificial Intelligence        |
| Artificial Intelligence        |
| Artificial Intelligence        |
| Artificial Intelligence        |
| Algorithms                     |
| Algorithms                     |
| Algorithms                     |
| Algorithms                     |
| Algorithms                     |
| Algorithms                     |
+--------------------------------+
(92 rows)

students=> SELECT DISTINCT(course) FROM students RIGHT JOIN majors USING(major_id) INNER JOIN majors_courses USING(major_id) INNER
 JOIN courses USING(course_id) WHERE student_id IS NOT NULL ORDER BY course DESC;
                 
+--------------------------------+
|             course             |
+--------------------------------+
| Web Programming                |
| Web Applications               |
| UNIX                           |
| Server Administration          |
| SQL                            |
| Python                         |
| Object-Oriented Programming    |
| Machine Learning               |
| Game Architecture              |
| Database Systems               |
| Data Structures and Algorithms |
| Computer Systems               |
| Computer Networks              |
| Calculus                       |
| Artificial Intelligence        |
| Algorithms                     |
+--------------------------------+
(16 rows)

students=> SELECT course FROM students RIGHT JOIN majors USING(major_id) INNER JOIN majors_courses USING(major_id) INNER JOIN cour
ses USING(course_id) GROUP BY student_id ORDER BY course DESC;
ERROR:  column "courses.course" must appear in the GROUP BY clause or be used in an aggregate function
LINE 1: SELECT course FROM students RIGHT JOIN majors USING(major_id...
               ^
students=> SELECT course FROM students RIGHT JOIN majors USING(major_id) INNER JOIN majors_courses USING(major_id) INNER JOIN courses USING(course_id) GROUP BY students.student_id ORDER BY course DESC;
ERROR:  column "courses.course" must appear in the GROUP BY clause or be used in an aggregate function
LINE 1: SELECT course FROM students RIGHT JOIN majors USING(major_id...
               ^
students=> SELECT course FROM students RIGHT JOIN majors USING(major_id) INNER JOIN majors_courses USING(major_id) INNER JOIN courses USING(course_id) GROUP BY student_id, course ORDER BY course DESC;
students=>                  
+--------------------------------+
|             course             |
+--------------------------------+
| Web Programming                |
| Web Programming                |
| Web Programming                |
| Web Programming                |
| Web Programming                |
| Web Programming                |
| Web Applications               |
| Web Applications               |
| Web Applications               |
| Web Applications               |
| Web Applications               |
| Web Applications               |
| Web Applications               |
| Web Applications               |
| Web Applications               |
| Web Applications               |
| Web Applications               |
| Web Applications               |
| UNIX                           |
| Server Administration          |
| SQL                            |
| SQL                            |
| SQL                            |
| SQL                            |
| SQL                            |
| SQL                            |
| Python                         |
| Python                         |
| Python                         |
| Python                         |
| Python                         |
| Object-Oriented Programming    |
| Object-Oriented Programming    |
| Object-Oriented Programming    |
| Object-Oriented Programming    |
| Object-Oriented Programming    |
| Object-Oriented Programming    |
| Object-Oriented Programming    |
| Network Security               |
| Machine Learning               |
| Machine Learning               |
| Machine Learning               |
| Machine Learning               |
| Game Architecture              |
| Game Architecture              |
| Game Architecture              |
| Game Architecture              |
| Game Architecture              |
| Game Architecture              |
| Database Systems               |
| Database Systems               |
| Database Systems               |
| Database Systems               |
| Database Systems               |
| Database Systems               |
| Data Structures and Algorithms |
| Data Structures and Algorithms |
| Data Structures and Algorithms |
| Data Structures and Algorithms |
| Data Structures and Algorithms |
| Data Structures and Algorithms |
| Data Structures and Algorithms |
| Data Structures and Algorithms |
| Data Structures and Algorithms |
| Data Structures and Algorithms |
| Data Structures and Algorithms |
| Data Structures and Algorithms |
| Data Structures and Algorithms |
| Data Structures and Algorithms |
| Data Structures and Algorithms |
| Data Structures and Algorithms |
| Computer Systems               |
| Computer Systems               |
| Computer Networks              |
| Computer Networks              |
| Calculus                       |
| Calculus                       |
| Calculus                       |
| Calculus                       |
| Calculus                       |
| Calculus                       |
| Calculus                       |
| Calculus                       |
| Calculus                       |
| Calculus                       |
| Artificial Intelligence        |
| Artificial Intelligence        |
| Artificial Intelligence        |
| Artificial Intelligence        |
| Artificial Intelligence        |
| Artificial Intelligence        |
| Algorithms                     |
| Algorithms                     |
| Algorithms                     |
| Algorithms                     |
| Algorithms                     |
| Algorithms                     |
| Algorithms                     |
+--------------------------------+
(98 rows)


students=> SELECT course FROM students RIGHT JOIN majors USING(major_id) INNER JOIN majors_courses USING(major_id) INNER JOIN courses USING(course_id) GROUP BY student_id, course ORDER BY course DESC;
                 
+--------------------------------+
|             course             |
+--------------------------------+
| Web Programming                |
| Web Programming                |
| Web Programming                |
| Web Programming                |
| Web Programming                |
| Web Programming                |
| Web Applications               |
| Web Applications               |
| Web Applications               |
| Web Applications               |
| Web Applications               |
| Web Applications               |
| Web Applications               |
| Web Applications               |
| Web Applications               |
| Web Applications               |
| Web Applications               |
| Web Applications               |
| UNIX                           |
| Server Administration          |
| SQL                            |
| SQL                            |
| SQL                            |
| SQL                            |
| SQL                            |
| SQL                            |
| Python                         |
| Python                         |
| Python                         |
| Python                         |
| Python                         |
| Object-Oriented Programming    |
| Object-Oriented Programming    |
| Object-Oriented Programming    |
| Object-Oriented Programming    |
| Object-Oriented Programming    |
| Object-Oriented Programming    |
| Object-Oriented Programming    |
| Network Security               |
| Machine Learning               |
| Machine Learning               |
| Machine Learning               |
| Machine Learning               |
| Game Architecture              |
| Game Architecture              |
| Game Architecture              |
| Game Architecture              |
| Game Architecture              |
| Game Architecture              |
| Database Systems               |
| Database Systems               |
| Database Systems               |
| Database Systems               |
| Database Systems               |
| Database Systems               |
| Data Structures and Algorithms |
| Data Structures and Algorithms |
| Data Structures and Algorithms |
| Data Structures and Algorithms |
| Data Structures and Algorithms |
| Data Structures and Algorithms |
| Data Structures and Algorithms |
| Data Structures and Algorithms |
| Data Structures and Algorithms |
| Data Structures and Algorithms |
| Data Structures and Algorithms |
| Data Structures and Algorithms |
| Data Structures and Algorithms |
| Data Structures and Algorithms |
| Data Structures and Algorithms |
| Data Structures and Algorithms |
| Computer Systems               |
| Computer Systems               |
| Computer Networks              |
| Computer Networks              |
| Calculus                       |
| Calculus                       |
| Calculus                       |
| Calculus                       |
| Calculus                       |
| Calculus                       |
| Calculus                       |
| Calculus                       |
| Calculus                       |
| Calculus                       |
| Artificial Intelligence        |
| Artificial Intelligence        |
| Artificial Intelligence        |
| Artificial Intelligence        |
| Artificial Intelligence        |
| Artificial Intelligence        |
| Algorithms                     |
| Algorithms                     |
| Algorithms                     |
| Algorithms                     |
| Algorithms                     |
| Algorithms                     |
| Algorithms                     |
+--------------------------------+
(98 rows)

students=> SELECT course FROM students FULL JOIN majors USING(major_id) FULL JOIN majors_courses USING(major_id) FULL JOIN courses USING(course_id) WHERE student_id IS NOT NULL ORDER BY course DESC;
students=>                  
+--------------------------------+
|             course             |
+--------------------------------+
|                                |
|                                |
|                                |
|                                |
|                                |
|                                |
|                                |
|                                |
| Web Programming                |
| Web Programming                |
| Web Programming                |
| Web Programming                |
| Web Programming                |
| Web Programming                |
| Web Applications               |
| Web Applications               |
| Web Applications               |
| Web Applications               |
| Web Applications               |
| Web Applications               |
| Web Applications               |
| Web Applications               |
| Web Applications               |
| Web Applications               |
| Web Applications               |
| Web Applications               |
| UNIX                           |
| Server Administration          |
| SQL                            |
| SQL                            |
| SQL                            |
| SQL                            |
| SQL                            |
| SQL                            |
| Python                         |
| Python                         |
| Python                         |
| Python                         |
| Object-Oriented Programming    |
| Object-Oriented Programming    |
| Object-Oriented Programming    |
| Object-Oriented Programming    |
| Object-Oriented Programming    |
| Object-Oriented Programming    |
| Machine Learning               |
| Machine Learning               |
| Machine Learning               |
| Machine Learning               |
| Game Architecture              |
| Game Architecture              |
| Game Architecture              |
| Game Architecture              |
| Game Architecture              |
| Game Architecture              |
| Database Systems               |
| Database Systems               |
| Database Systems               |
| Database Systems               |
| Database Systems               |
| Database Systems               |
| Data Structures and Algorithms |
| Data Structures and Algorithms |
| Data Structures and Algorithms |
| Data Structures and Algorithms |
| Data Structures and Algorithms |
| Data Structures and Algorithms |
| Data Structures and Algorithms |
| Data Structures and Algorithms |
| Data Structures and Algorithms |
| Data Structures and Algorithms |
| Data Structures and Algorithms |
| Data Structures and Algorithms |
| Data Structures and Algorithms |
| Data Structures and Algorithms |
| Data Structures and Algorithms |
| Data Structures and Algorithms |
| Computer Systems               |
| Computer Networks              |
| Calculus                       |
| Calculus                       |
| Calculus                       |
| Calculus                       |
| Calculus                       |
| Calculus                       |
| Calculus                       |
| Calculus                       |
| Calculus                       |
| Calculus                       |
| Artificial Intelligence        |
| Artificial Intelligence        |
| Artificial Intelligence        |
| Artificial Intelligence        |
| Artificial Intelligence        |
| Artificial Intelligence        |
| Algorithms                     |
| Algorithms                     |
| Algorithms                     |
| Algorithms                     |
| Algorithms                     |
| Algorithms                     |
+--------------------------------+
(100 rows)


students=> SELECT course, count(student_id) FROM students FULL JOIN majors USING(major_id) FULL JOIN majors_courses USING(major_id) FULL JOIN courses USING(course_id) GROUP BY student_id ORDER BY course DESC;;
ERROR:  column "courses.course" must appear in the GROUP BY clause or be used in an aggregate function
LINE 1: SELECT course, count(student_id) FROM students FULL JOIN maj...
               ^
students=> SELECT course, count(student_id) FROM students FULL JOIN majors USING(major_id) FULL JOIN majors_courses USING(major_id) FULL JOIN courses USING(course_id) ORDER BY course DESC;
ERROR:  column "courses.course" must appear in the GROUP BY clause or be used in an aggregate function
LINE 1: SELECT course, count(student_id) FROM students FULL JOIN maj...
               ^
students=> SELECT course, count(student_id) FROM students FULL JOIN majors USING(major_id) FULL JOIN majors_courses USING(major_id) FULL JOIN courses USING(course_id) GROUP BY course ORDER BY course DESC;
students=>                      
+--------------------------------+-------+
|             course             | count |
+--------------------------------+-------+
|                                |     8 |
| Web Programming                |     6 |
| Web Applications               |    12 |
| UNIX                           |     1 |
| Server Administration          |     1 |
| SQL                            |     6 |
| Python                         |     4 |
| Object-Oriented Programming    |     6 |
| Network Security               |     0 |
| Machine Learning               |     4 |
| Game Architecture              |     6 |
| Database Systems               |     6 |
| Data Structures and Algorithms |    16 |
| Computer Systems               |     1 |
| Computer Networks              |     1 |
| Calculus                       |    10 |
| Artificial Intelligence        |     6 |
| Algorithms                     |     6 |
+--------------------------------+-------+
(18 rows)


students=> SELECT course, count(student_id) FROM students FULL JOIN majors USING(major_id) FULL JOIN majors_courses USING(major_id) FULL JOIN courses USING(course_id) GROUP BY course HAVING student_id = 1 ORDER BY course DESC;
ERROR:  column "students.student_id" must appear in the GROUP BY clause or be used in an aggregate function
LINE 1: ...N courses USING(course_id) GROUP BY course HAVING student_id...
                                                             ^
students=> SELECT course FROM students FULL JOIN majors USING(major_id) FULL JOIN majors_courses USING(major_id) FULL JOIN courses
 USING(course_id) GROUP BY course HAVING student_id = 1 ORDER BY course DESC;
ERROR:  column "students.student_id" must appear in the GROUP BY clause or be used in an aggregate function
LINE 1: ...N courses USING(course_id) GROUP BY course HAVING student_id...
                                                             ^
students=> SELECT course FROM students FULL JOIN majors USING(major_id) FULL JOIN majors_courses USING(major_id) FULL JOIN courses USING(course_id) GROUP BY course, student_id HAVING student_id = 1 ORDER BY course DESC;
students=>      
+--------+
| course |
+--------+
+--------+
(0 rows)


students=> 
students=> SELECT course FROM students FULL JOIN majors USING(major_id) FULL JOIN majors_courses USING(major_id) FULL JOIN courses USING(course_id) GROUP BY course HAVING COUNT(student_id) = 1 ORDER BY course DESC;
students=>              
+-----------------------+
|        course         |
+-----------------------+
| UNIX                  |
| Server Administration |
| Computer Systems      |
| Computer Networks     |
+-----------------------+
(4 rows)